Header Row Count,3,Header Row Count,name,type,,,,,,,,,,,,,,,,,,,,,,,,,,,,,,,,,,,,,,,,,,,,,,,,,,,,,,,,,,,
row number #1,row number #2,row number #3,row number #4,date #1,date #2,date #3,date # 4,date # 5,date # 6,date # 7,date # 8,day of week #1,day of week #2,day of week #3,day of week #4,short string #1,short string #2,short string #3,short string #4,short string #5,short string #6,short string #7,short string #8,gender #1,gender #2,gender #3,gender #4,ss #1,ss #2,url #1,url #2,y or n #1,y or n #2,y or n #3,y or n #4,short int #1,short int #2,short int #3,short int #4,short int #5,short int #6,short int #7,short int #8,short int #9,short int #10,short int #11,short int #12,long string #1,long string #2,long string #3,long string #4,long string #5,long string #6,long string #7,long string #8,float #1,float #2,float #3,float #4,float #5,float #6,float #7,float #8
integer,integer,integer,text,date,date,date,date,date,date,date,date,text,text,text,text,text,text,text,text,text,text,text,text,text,text,text,text,text,text,text,text,text,text,text,text,integer,integer,integer,integer,integer,integer,integer,integer,integer,integer,integer,integer,text,text,text,text,text,text,text,text,float,float,float,float,float,float,float,float
1,1,100001,Record # :001,1/1/13,11/12/13,11/12/13,1/1/13,11/12/13,11/12/13,1/1/13,1/1/13,Tuesday,Tue,Tuesday,Tue,AAAA,AAAA,ZZZZ,aaaa,aaaa,zzzz,AAAA,aaaa,m,m,m,m,333-22-444,333-22-4444,http://www.wirelessgeneration.com,http://www.wirelessgeneration.com,y,y,y,y,1,1,1001,1001,1234,2345,3456,4567,12345,23456,34567,45678,the cat sat on the mat,    this has four leading space characters,this has four trailing spaces    ,    this has four leading and four trailing spaces    ,this should not be blank,this should not be blank,fred smith,AAAA-AAAA-ZZZZ-aaaa,0.001,1,1,10.01,0.001,1,0.1,10.01
2,2,100002,Record # :002,1/2/13,11/12/13,11/12/13,1/2/13,11/12/13,11/12/13,1/2/13,1/2/13,Wednesday,Wed,Wednesday,Wed,AAAA,BBBB,YYYY,aaaa,bbbb,yyyy,AAAA,bbbb,f,f,f,f,333-22-444,333-22-4444,http://www.wirelessgeneration.com,http://www.wirelessgeneration.com,n,n,n,n,2,2,1002,1002,1235,2355,3556,5567,12346,23466,34667,46678,the cat sat on the mat,    this has four leading space characters,this has four trailing spaces    ,    this has four leading and four trailing spaces    ,this should not be blank,this should not be blank,Fred Smith,AAAA-BBBB-YYYY-aaaa,0.002,1.001,1.001,10.011,0.002,1.001,0.101,10.011
3,3,100003,Record # :003,1/3/13,11/12/13,11/12/13,1/3/13,11/12/13,11/12/13,1/3/13,1/3/13,Thursday,Thu,Thursday,Thu,AAAA,CCCC,XXXX,aaaa,cccc,xxxx,AAAA,cccc,m,b,b,b,333-22-444,333-22-4444,http://www.wirelessgeneration.com,http://www.wirelessgeneration.com,y,1,yes,y,3,3,1003,1003,1236,2365,3656,6567,12347,23476,34767,47678,the cat sat on the mat,    this has four leading space characters,this has four trailing spaces    ,    this has four leading and four trailing spaces    ,this should not be blank,this should not be blank,fred j smith,AAAA-CCCC-XXXX-aaaa,0.003,1.002,1.002,10.012,0.003,1.002,0.102,10.012
4,4,100004,Record # :004,1/4/13,11/12/13,11/12/13,1/4/13,11/12/13,11/12/13,1/4/13,1/4/13,Friday,Fri,Friday,Fri,AAAA,DDDD,WWWW,aaaa,dddd,wwww,AAAA,dddd,f,g,g,g,333-22-444,333-22-4444,http://www.wirelessgeneration.com,http://www.wirelessgeneration.com,n,0,no,n,4,4,1004,1004,1237,2375,3756,7567,12348,23486,34867,48678,the cat sat on the mat,    this has four leading space characters,this has four trailing spaces    ,    this has four leading and four trailing spaces    ,this should not be blank,this should not be blank,Fred J. Smith,AAAA-DDDD-WWWW-aaaa,0.004,1.003,1.003,10.013,0.004,1.003,0.103,10.013
5,5,100005,Record # :005,1/5/13,11/12/13,11/12/13,1/5/13,11/12/13,11/12/13,1/5/13,1/5/13,Saturday,Sat,Saturday,Sat,AAAA,EEEE,VVVV,aaaa,eeee,vvvv,AAAA,eeee,m,m,male,male,333-22-444,333-22-4444,http://www.wirelessgeneration.com,http://www.wirelessgeneration.com,y,y,1,y,5,5,1005,1005,1238,2385,3856,8567,12349,23496,34967,49678,the cat sat on the mat,    this has four leading space characters,this has four trailing spaces    ,    this has four leading and four trailing spaces    ,this should not be blank,this should not be blank,Fred Smith III,AAAA-EEEE-VVVV-aaaa,0.005,1.004,1.004,10.014,0.005,1.004,0.104,10.014
6,6,100006,Record # :006,1/6/13,11/12/13,11/12/13,1/6/13,11/12/13,11/12/13,1/6/13,1/6/13,Sunday,Sun,Sunday,Sun,AAAA,FFFF,UUUU,aaaa,ffff,uuuu,AAAA,ffff,f,f,female,female,333-22-444,333-22-4444,http://www.wirelessgeneration.com,http://www.wirelessgeneration.com,n,n,0,n,6,6,1006,1006,1239,2395,3956,9567,12350,23506,35067,50678,the cat sat on the mat,    this has four leading space characters,this has four trailing spaces    ,    this has four leading and four trailing spaces    ,this should not be blank,this should not be blank,Sir Fred Smith,AAAA-FFFF-UUUU-aaaa,0.006,1.005,1.005,10.015,0.006,1.005,0.105,10.015
7,7,100007,Record # :007,1/7/13,11/12/13,11/12/13,1/7/13,11/12/13,11/12/13,1/7/13,1/7/13,Monday,Mon,Monday,Mon,AAAA,GGGG,TTTT,aaaa,gggg,tttt,AAAA,gggg,m,b,boy,boy,333-22-444,333-22-4444,http://www.wirelessgeneration.com,http://www.wirelessgeneration.com,y,1,y,y,7,7,1007,1007,1240,2405,4056,10567,12351,23516,35167,51678,the cat sat on the mat,    this has four leading space characters,this has four trailing spaces    ,    this has four leading and four trailing spaces    ,this should not be blank,this should not be blank,Fred Smith Senior,AAAA-GGGG-TTTT-aaaa,0.007,1.006,1.006,10.016,0.007,1.006,0.106,10.016
8,8,100008,Record # :008,1/8/13,11/12/13,11/12/13,1/8/13,11/12/13,11/12/13,1/8/13,1/8/13,Tuesday,Tue,Tuesday,Tue,AAAA,HHHH,SSSS,aaaa,hhhh,ssss,AAAA,hhhh,f,g,girl,girl,333-22-444,333-22-4444,http://www.wirelessgeneration.com,http://www.wirelessgeneration.com,n,0,n,n,8,8,1008,1008,1241,2415,4156,11567,12352,23526,35267,52678,the cat sat on the mat,    this has four leading space characters,this has four trailing spaces    ,    this has four leading and four trailing spaces    ,this should not be blank,this should not be blank,Fred Smith Junior,AAAA-HHHH-SSSS-aaaa,0.008,1.007,1.007,10.017,0.008,1.007,0.107,10.017
9,9,100009,Record # :009,1/9/13,11/12/13,11/12/13,1/9/13,11/12/13,11/12/13,1/9/13,1/9/13,Wednesday,Wed,Wednesday,Wed,AAAA,IIII,RRRR,aaaa,iiii,rrrr,AAAA,iiii,m,m,man,man,333-22-444,333-22-4444,http://www.wirelessgeneration.com,http://www.wirelessgeneration.com,y,y,y,y,9,9,1009,1009,1242,2425,4256,12567,12353,23536,35367,53678,the cat sat on the mat,    this has four leading space characters,this has four trailing spaces    ,    this has four leading and four trailing spaces    ,this should not be blank,next row is empty,Mary Smith,next row has numbers,0.009,1.008,1.008,10.018,0.009,1.008,0.108,10.018
10,10,100010,Record # :010,1/10/13,11/12/13,12/13/13,1/10/13,11/12/13,12/13/13,2/28/13,1/10/13,Thursday,Thu,BadDay,bad,AAAA,JJJJ,QQQQ,1234,jjjj,qqqq,A--A,jjjj,f,f,friend,very bad,333-22-444,333-22-4444,http://www.wirelessgeneration.com,http://www.wirelessgeneration.com,n,n,n,never,10,10,1010,1010,1243,2435,4356,13567,12354,23546,35467,54678,the cat sat on the mat,    this has four leading space characters,this has four trailing spaces    ,    this has four leading and four trailing spaces    ,this should not be blank, ,Betty Smith,AAAA-JJJJ-QQQQ-1234,0.01,1.009,99.99,10.019,0.01,1.009,0.109,10.019
11,11,100011,Record # :011,1/11/13,11/12/13,11/12/13,1/11/13,11/12/13,11/12/13,1/11/13,1/11/13,Friday,Fri,Friday,Fri,AAAA,KKKK,PPPP,aaaa,kkkk,pppp,AAAA,kkkk,m,b,m,m,333-22-444,22-333-4444,http://www.wirelessgeneration.com,not a URL at all,y,1,y,y,11,11,1011,1011,1244,2445,4456,14567,12355,23556,35567,55678,the cat sat on the mat,    this has four leading space characters,this has four trailing spaces    ,    this has four leading and four trailing spaces    ,this should not be blank,this should not be blank,fred smith,AAAA-KKKK-PPPP-aaaa,0.011,1.01,1.01,10.02,0.011,1.01,0.11,10.02
12,12,100012,Record # :012,1/12/13,11/12/13,11/12/13,1/12/13,11/12/13,11/12/13,1/12/13,1/12/13,Saturday,Sat,Saturday,Sat,AAAA,LLLL,OOOO,aaaa,llll,oooo,AAAA,llll,f,g,f,f,333-22-444,333-22-4444,http://www.wirelessgeneration.com,http://www.wirelessgeneration.com,n,0,y,n,12,12,1012,1012,1245,2455,4556,15567,12356,23566,35667,56678,the cat sat on the mat,    this has four leading space characters,this has four trailing spaces    ,    this has four leading and four trailing spaces    ,this should not be blank,this should not be blank,Fred Smith,AAAA-LLLL-OOOO-aaaa,0.012,1.011,1.011,10.021,0.012,1.011,0.111,10.021
13,13,100013,Record # :013,1/13/13,11/12/13,11/12/13,1/13/13,11/12/13,11/12/13,1/13/13,1/13/13,Sunday,Sun,Sunday,Sun,AAAA,MMMM,NNNN,aaaa,mmmm,nnnn,AAAA,mmmm,m,m,b,b,333-22-444,333-22-4444,http://www.wirelessgeneration.com,http://www.wirelessgeneration.com,y,y,yes,y,13,13,1013,1013,1246,2465,4656,16567,12357,23576,35767,57678,the cat sat on the mat,    this has four leading space characters,this has four trailing spaces    ,    this has four leading and four trailing spaces    ,this should not be blank,this should not be blank,fred j smith,AAAA-MMMM-NNNN-aaaa,0.013,1.012,1.012,10.022,0.013,1.012,0.112,10.022
14,14,100014,Record # :014,1/14/13,11/12/13,11/12/13,1/14/13,11/12/13,11/12/13,1/14/13,1/14/13,Monday,Mon,Monday,Mon,AAAA,NNNN,MMMM,aaaa,nnnn,mmmm,AAAA,nnnn,f,f,g,g,333-22-444,333-22-4444,http://www.wirelessgeneration.com,http://www.wirelessgeneration.com,n,n,no,n,14,14,1014,1014,1247,2475,4756,17567,12358,23586,35867,58678,the cat sat on the mat,    this has four leading space characters,this has four trailing spaces    ,    this has four leading and four trailing spaces    ,this should not be blank,this should not be blank,Fred J. Smith,AAAA-NNNN-MMMM-aaaa,0.014,1.013,1.013,10.023,0.014,1.013,0.113,10.023
15,15,100015,Record # :015,1/15/13,11/12/13,11/12/13,1/15/13,11/12/13,11/12/13,1/15/13,1/15/13,Tuesday,Tue,Tuesday,Tue,AAAA,OOOO,LLLL,aaaa,oooo,llll,AAAA,oooo,m,b,male,male,333-22-444,333-22-4444,http://www.wirelessgeneration.com,http://www.wirelessgeneration.com,y,1,1,y,15,15,1015,1015,1248,2485,4856,18567,12359,23596,35967,59678,the cat sat on the mat,    this has four leading space characters,this has four trailing spaces    ,    this has four leading and four trailing spaces    ,this should not be blank,this should not be blank,Fred Smith III,AAAA-OOOO-LLLL-aaaa,0.015,1.014,1.014,10.024,0.015,1.014,0.114,10.024
16,16,100016,Record # :016,1/16/13,11/12/13,11/12/13,1/16/13,11/12/13,11/12/13,1/16/13,1/16/13,Wednesday,Wed,Wednesday,Wed,AAAA,PPPP,KKKK,aaaa,pppp,kkkk,AAAA,pppp,f,g,female,female,333-22-444,333-22-4444,http://www.wirelessgeneration.com,http://www.wirelessgeneration.com,n,0,0,n,16,16,1016,1016,1249,2495,4956,19567,12360,23606,36067,60678,the cat sat on the mat,    this has four leading space characters,this has four trailing spaces    ,    this has four leading and four trailing spaces    ,this should not be blank,this should not be blank,Sir Fred Smith,AAAA-PPPP-KKKK-aaaa,0.016,1.015,1.015,10.025,0.016,1.015,0.115,10.025
17,17,100017,Record # :017,1/17/13,11/12/13,11/12/13,1/17/13,11/12/13,11/12/13,1/17/13,1/17/13,Thursday,Thu,Thursday,Thu,AAAA,QQQQ,JJJJ,aaaa,qqqq,jjjj,AAAA,qqqq,m,m,boy,boy,333-22-444,333-22-4444,http://www.wirelessgeneration.com,http://www.wirelessgeneration.com,y,y,y,y,17,17,1017,1017,1250,2505,5056,20567,12361,23616,36167,61678,the cat sat on the mat,    this has four leading space characters,this has four trailing spaces    ,    this has four leading and four trailing spaces    ,this should not be blank,next row has 1 space,Fred Smith Senior,AAAA-QQQQ-JJJJ-aaaa,0.017,1.016,1.016,10.026,0.017,1.016,0.116,10.026
18,18,100018,Record # :018,1/18/13,11/12/13,11/12/13,1/18/13,11/12/13,11/12/13,1/18/13,1/18/13,Friday,Fri,Friday,Fri,AAAA,RRRR,IIII,aaaa,rrrr,iiii,AAAA,rrrr,f,f,girl,girl,333-22-444,333-22-4444,http://www.wirelessgeneration.com,http://www.wirelessgeneration.com,n,n,n,n,18,18,1018,1018,1251,2515,5156,21567,12362,23626,36267,62678,the cat sat on the mat,    this has four leading space characters,this has four trailing spaces    ,    this has four leading and four trailing spaces    ,this should not be blank, ,Fred Smith Junior,AAAA-RRRR-IIII-aaaa,0.018,1.017,1.017,10.027,0.018,1.017,0.117,10.027
19,19,100019,Record # :019,1/19/13,11/12/13,11/12/13,1/19/13,11/12/13,11/12/13,1/19/13,1/19/13,Saturday,Sat,Saturday,Sat,AAAA,SSSS,HHHH,aaaa,ssss,hhhh,AAAA,ssss,m,b,man,man,333-22-444,333-22-4444,http://www.wirelessgeneration.com,http://www.wirelessgeneration.com,y,1,y,y,19,19,1019,1019,1252,2525,5256,22567,12363,23636,36367,63678,the cat sat on the mat,    this has four leading space characters,this has four trailing spaces    ,    this has four leading and four trailing spaces    ,this should not be blank,this should not be blank,Mary Smith,next row is all numbers,0.019,1.018,1.018,10.028,0.019,1.018,0.118,10.028
20,20,100020,Record # :020,1/20/13,11/12/13,12/13/13,1/20/13,11/12/13,12/13/13,1/20/13,1/20/13,Sunday,Sun,BadDay,bad,AAAA,TTTT,GGGG,aaaa,tttt,gggg,AAAA,tttt,f,g,friend,very bad,333-22-444,333-22-4444,http://www.wirelessgeneration.com,http://www.wirelessgeneration.com,n,0,n,x,20,999,1020,9999,1253,2535,5356,23567,12364,23646,36467,64678,the cat sat on the mat,    this has four leading space characters,this has four trailing spaces    ,    this has four leading and four trailing spaces    ,this should not be blank,this should not be blank,Betty Smith,123456789,0.02,1.019,99.99,10.029,0.02,1.019,0.119,10.029
21,21,100021,Record # :021,1/21/13,11/12/13,11/12/13,1/21/13,11/12/13,11/12/13,1/21/13,1/21/13,Monday,Mon,Monday,Mon,AAAA,UUUU,FFFF,aaaa,uuuu,ffff,AAAA,uuuu,m,m,m,m,333-22-444,333-22-4444,http://www.wirelessgeneration.com,http://www.wirelessgeneration.com,y,y,y,y,1,1,1001,1001,1254,2545,5456,24567,12365,23656,36567,65678,the cat sat on the mat,    this has four leading space characters,this has four trailing spaces    ,    this has four leading and four trailing spaces    ,this should not be blank,this should not be blank,fred smith,AAAA-UUUU-FFFF-aaaa,0.021,1.02,1.02,10.03,0.021,1.02,0.12,10.03
22,22,100022,Record # :022,1/22/13,11/12/13,11/12/13,1/22/13,11/12/13,11/12/13,1/22/13,1/22/13,Tuesday,Tue,Tuesday,Tue,AAAA,VVVV,EEEE,aaaa,vvvv,eeee,AAAA,vvvv,f,f,f,f,333-22-444,333-22-4444,http://www.wirelessgeneration.com,http://www.wirelessgeneration.com,n,n,n,n,2,2,1002,1002,1255,2555,5556,25567,12366,23666,36667,66678,the cat sat on the mat,    this has four leading space characters,this has four trailing spaces    ,    this has four leading and four trailing spaces    ,this should not be blank,this should not be blank,Fred Smith,AAAA-VVVV-EEEE-aaaa,0.022,1.021,1.021,10.031,0.022,1.021,0.121,10.031
23,23,100023,Record # :023,1/23/13,11/12/13,11/12/13,1/23/13,11/12/13,11/12/13,1/23/13,1/23/13,Wednesday,Wed,Wednesday,Wed,AAAA,WWWW,DDDD,aaaa,wwww,dddd,AAAA,wwww,m,b,b,b,333-22-444,333-22-4444,http://www.wirelessgeneration.com,http://www.wirelessgeneration.com,y,1,yes,y,3,3,1003,1003,1256,2565,5656,26567,12367,23676,36767,67678,the cat sat on the mat,    this has four leading space characters,this has four trailing spaces    ,    this has four leading and four trailing spaces    ,this should not be blank,this should not be blank,fred j smith,AAAA-WWWW-DDDD-aaaa,0.023,1.022,1.022,10.032,0.023,1.022,0.122,10.032
24,24,100024,Record # :024,1/24/13,11/12/13,11/12/13,1/24/13,11/12/13,11/12/13,1/24/13,1/24/13,Thursday,Thu,Thursday,Thu,AAAA,XXXX,CCCC,aaaa,xxxx,cccc,AAAA,xxxx,f,g,g,g,333-22-444,333-22-4444,http://www.wirelessgeneration.com,http://www.wirelessgeneration.com,n,0,no,n,4,4,1004,1004,1257,2575,5756,27567,12368,23686,36867,68678,the cat sat on the mat,    this has four leading space characters,this has four trailing spaces    ,    this has four leading and four trailing spaces    ,this should not be blank,this should not be blank,Fred J. Smith,AAAA-XXXX-CCCC-aaaa,0.024,1.023,1.023,10.033,0.024,1.023,0.123,10.033
25,25,100025,Record # :025,1/25/13,11/12/13,11/12/13,1/25/13,11/12/13,11/12/13,1/25/13,1/25/13,Friday,Fri,BadDay,Fri,AAAA,YYYY,BBBB,aaaa,yyyy,bbbb,notuc,NOLC,m,m,male,male,333-22-444,333-22-4444,http://www.wirelessgeneration.com,http://www.wirelessgeneration.com,y,y,1,yellow,5,5,1005,1005,1258,2585,5856,28567,12369,23696,36967,69678,the cat sat on the mat,    this has four leading space characters,this has four trailing spaces    ,    this has four leading and four trailing spaces    ,this should not be blank,this should not be blank,Fred Smith III,AAAA-YYYY-BBBB-aaaa,0.025,1.024,1.024,10.034,0.025,1.024,0.124,10.034
26,26,100026,Record # :026,1/26/13,11/12/13,11/12/13,1/26/13,11/12/13,11/12/13,1/26/13,1/26/13,Saturday,Sat,Saturday,Sat,AAAA,AAAA,ZZZZ,aaaa,aaaa,zzzz,AAAA,aaaa,f,f,female,female,333-22-444,333-22-4444,http://www.wirelessgeneration.com,http://www.wirelessgeneration.com,n,n,0,n,6,6,1006,1006,1259,2595,5956,29567,12370,23706,37067,70678,the cat sat on the mat,    this has four leading space characters,this has four trailing spaces    ,    this has four leading and four trailing spaces    ,this should not be blank,this should not be blank,Sir Fred Smith,AAAA-AAAA-ZZZZ-aaaa,0.026,1.025,1.025,10.035,0.026,1.025,0.125,10.035
27,27,100027,Record # :027,1/27/13,11/12/13,11/12/13,1/27/13,11/12/13,11/12/13,1/27/13,1/27/13,Sunday,Sun,Sunday,Sun,AAAA,BBBB,YYYY,aaaa,bbbb,yyyy,AAAA,bbbb,m,b,boy,boy,333-22-444,333-22-4444,http://www.wirelessgeneration.com,http://www.wirelessgeneration.com,y,1,y,y,7,7,1007,1007,1260,2605,6056,30567,12371,23716,37167,71678,the cat sat on the mat,    this has four leading space characters,this has four trailing spaces    ,    this has four leading and four trailing spaces    ,this should not be blank,next row has 2 spaces,Fred Smith Senior,AAAA-BBBB-YYYY-aaaa,0.027,1.026,1.026,10.036,0.027,1.026,0.126,10.036
28,28,100028,Record # :028,1/28/13,11/12/13,11/12/13,1/28/13,11/12/13,11/12/13,1/28/13,1/28/13,Monday,Mon,Monday,Mon,AAAA,CCCC,XXXX,aaaa,cccc,xxxx,AAAA,cccc,f,g,girl,girl,333-22-444,333-22-4444,http://www.wirelessgeneration.com,http://www.wirelessgeneration.com,n,0,n,n,8,8,1008,1008,1261,2615,6156,31567,12372,23726,37267,72678,the cat sat on the mat,    this has four leading space characters,this has four trailing spaces    ,    this has four leading and four trailing spaces    ,this should not be blank,  ,Fred Smith Junior,AAAA-CCCC-XXXX-aaaa,0.028,1.027,1.027,10.037,0.028,1.027,0.127,10.037
29,29,100029,Record # :029,1/29/13,11/12/13,11/12/13,1/29/13,11/12/13,11/12/13,1/29/13,1/29/13,Tuesday,Tue,Tuesday,Tue,AAAA,DDDD,WWWW,aaaa,dddd,wwww,AAAA,dddd,m,m,man,man,333-22-444,333-22-4444,http://www.wirelessgeneration.com,http://www.wirelessgeneration.com,y,y,y,y,9,9,1009,1009,1262,2625,6256,32567,12373,23736,37367,73678,the cat sat on the mat,    this has four leading space characters,this has four trailing spaces    ,    this has four leading and four trailing spaces    ,this should not be blank,this should not be blank,Mary Smith,AAAA-DDDD-WWWW-aaaa,0.029,1.028,1.028,10.038,0.029,1.028,0.128,10.038
30,30,100030,Record # :030,1/30/13,11/12/13,12/13/13,1/30/13,11/12/13,12/13/13,1/30/13,1/30/13,Wednesday,Wed,BadDay,bad,AAAA,EEEE,VVVV,aaaa,eeee,vvvv,AAAA,eeee,f,f,friend,very bad,333-22-444,333-22-4444,http://www.wirelessgeneration.com,http://www.wirelessgeneration.com,n,n,n,x,10,10,1010,1010,1263,2635,6356,33567,12374,23746,37467,74678,the cat sat on the mat,    this has four leading space characters,this has four trailing spaces    ,    this has four leading and four trailing spaces    ,this should not be blank,this should not be blank,Betty Smith,AAAA-EEEE-VVVV-aaaa,0.03,1.029,99.99,10.039,0.03,1.029,0.129,10.039
31,31,100031,Record # :031,1/31/13,11/12/13,11/12/13,1/31/13,11/12/13,11/12/13,1/31/13,1/31/13,Thursday,Thu,Thursday,Thu,AAAA,FFFF,UUUU,aaaa,ffff,uuuu,AAAA,ffff,m,b,m,m,333-22-444,22-333-4444,http://www.wirelessgeneration.com,not a URL at all,y,1,y,y,11,11,1011,1011,1264,2645,6456,34567,12375,23756,37567,75678,the cat sat on the mat,    this has four leading space characters,this has four trailing spaces    ,    this has four leading and four trailing spaces    ,this should not be blank,this should not be blank,fred smith,AAAA-FFFF-UUUU-aaaa,0.031,1.03,1.03,10.04,0.031,1.03,0.13,10.04
32,32,100032,Record # :032,2/1/13,11/12/13,11/12/13,2/1/13,11/12/13,11/12/13,2/1/13,2/1/13,Friday,Fri,Friday,Fri,AAAA,GGGG,TTTT,aaaa,gggg,tttt,AAAA,gggg,f,g,f,f,333-22-444,333-22-4444,http://www.wirelessgeneration.com,http://www.wirelessgeneration.com,n,0,n,n,12,12,1012,1012,1265,2655,6556,35567,12376,23766,37667,76678,the cat sat on the mat,    this has four leading space characters,this has four trailing spaces    ,    this has four leading and four trailing spaces    ,this should not be blank,this should not be blank,Fred Smith,AAAA-GGGG-TTTT-aaaa,0.032,1.031,1.031,10.041,0.032,1.031,0.131,10.041
33,33,100033,Record # :033,2/2/13,11/12/13,11/12/13,2/2/13,11/12/13,11/12/13,2/2/13,2/2/13,Saturday,Sat,Saturday,Sat,AAAA,HHHH,SSSS,aaaa,hhhh,ssss,AAAA,hhhh,m,m,b,b,333-22-444,333-22-4444,http://www.wirelessgeneration.com,http://www.wirelessgeneration.com,y,y,yes,y,13,13,1013,1013,1266,2665,6656,36567,12377,23776,37767,77678,the cat sat on the mat,    this has four leading space characters,this has four trailing spaces    ,    this has four leading and four trailing spaces    ,this should not be blank,this should not be blank,fred j smith,AAAA-HHHH-SSSS-aaaa,0.033,1.032,1.032,10.042,0.033,1.032,0.132,10.042
34,34,100034,Record # :034,2/3/13,11/12/13,11/12/13,2/3/13,11/12/13,11/12/13,2/3/13,2/3/13,Sunday,Sun,Sunday,Sun,AAAA,IIII,RRRR,aaaa,iiii,rrrr,AAAA,iiii,f,f,g,g,333-22-444,333-22-4444,http://www.wirelessgeneration.com,http://www.wirelessgeneration.com,n,n,no,n,14,14,1014,1014,1267,2675,6756,37567,12378,23786,37867,78678,the cat sat on the mat,    this has four leading space characters,this has four trailing spaces    ,    this has four leading and four trailing spaces    ,this should not be blank,this should not be blank,Fred J. Smith,AAAA-IIII-RRRR-aaaa,0.034,1.033,1.033,10.043,0.034,1.033,0.133,10.043
35,35,100035,Record # :035,2/4/13,11/12/13,11/12/13,2/4/13,11/12/13,11/12/13,2/4/13,2/4/13,Monday,Mon,Monday,Mon,AAAA,JJJJ,QQQQ,aaaa,jjjj,qqqq,AAAA,jjjj,m,b,male,male,333-22-444,333-22-4444,http://www.wirelessgeneration.com,http://www.wirelessgeneration.com,y,1,1,y,15,15,1015,1015,1268,2685,6856,38567,12379,23796,37967,79678,the cat sat on the mat,    this has four leading space characters,this has four trailing spaces    ,    this has four leading and four trailing spaces    ,this should not be blank,this should not be blank,Fred Smith III,AAAA-JJJJ-QQQQ-aaaa,0.035,1.034,1.034,10.044,0.035,1.034,0.134,10.044
36,36,100036,Record # :036,2/5/13,11/12/13,11/12/13,2/5/13,11/12/13,11/12/13,2/5/13,2/5/13,Tuesday,Tue,Tuesday,Tue,AAAA,KKKK,PPPP,aaaa,kkkk,pppp,AAAA,kkkk,f,g,female,female,333-22-444,333-22-4444,http://www.wirelessgeneration.com,http://www.wirelessgeneration.com,n,0,0,n,16,16,1016,1016,1269,2695,6956,39567,12380,23806,38067,80678,the cat sat on the mat,    this has four leading space characters,this has four trailing spaces    ,    this has four leading and four trailing spaces    ,this should not be blank,this should not be blank,Sir Fred Smith,AAAA-KKKK-PPPP-aaaa,0.036,1.035,1.035,10.045,0.036,1.035,0.135,10.045
37,37,100037,Record # :037,2/6/13,11/12/13,11/12/13,2/6/13,11/12/13,11/12/13,2/6/13,2/6/13,Wednesday,Wed,Wednesday,Wed,AAAA,LLLL,OOOO,aaaa,llll,oooo,AAAA,llll,m,m,boy,boy,333-22-444,333-22-4444,http://www.wirelessgeneration.com,http://www.wirelessgeneration.com,y,y,y,y,17,17,1017,1017,1270,2705,7056,40567,12381,23816,38167,81678,the cat sat on the mat,    this has four leading space characters,this has four trailing spaces    ,    this has four leading and four trailing spaces    ,this should not be blank,this should not be blank,Fred Smith Senior,AAAA-LLLL-OOOO-aaaa,0.037,1.036,1.036,10.046,0.037,1.036,0.136,10.046
38,38,100038,Record # :038,2/7/13,11/12/13,11/12/13,2/7/13,11/12/13,11/12/13,2/7/13,2/7/13,Thursday,Thu,Thursday,Thu,AAAA,MMMM,NNNN,aaaa,mmmm,nnnn,AAAA,mmmm,f,f,girl,girl,333-22-444,333-22-4444,http://www.wirelessgeneration.com,http://www.wirelessgeneration.com,n,n,n,n,18,18,1018,1018,1271,2715,7156,41567,12382,23826,38267,82678,the cat sat on the mat,    this has four leading space characters,this has four trailing spaces    ,    this has four leading and four trailing spaces    ,this should not be blank,this should not be blank,Fred Smith Junior,AAAA-MMMM-NNNN-aaaa,0.038,1.037,1.037,10.047,0.038,1.037,0.137,10.047
39,39,100039,Record # :039,2/8/13,11/12/13,11/12/13,2/8/13,11/12/13,11/12/13,2/8/13,2/8/13,Friday,Fri,Friday,Fri,AAAA,NNNN,MMMM,aaaa,nnnn,mmmm,AAAA,nnnn,m,b,man,man,333-22-444,333-22-4444,http://www.wirelessgeneration.com,http://www.wirelessgeneration.com,y,1,y,y,19,19,1019,1019,1272,2725,7256,42567,12383,23836,38367,83678,the cat sat on the mat,    this has four leading space characters,this has four trailing spaces    ,    this has four leading and four trailing spaces    ,this should not be blank,this should not be blank,Mary Smith,AAAA-NNNN-MMMM-aaaa,0.039,1.038,1.038,10.048,0.039,1.038,0.138,10.048
40,40,100040,Record # :040,2/9/13,11/12/13,12/13/13,2/9/13,11/12/13,12/13/13,2/9/13,2/9/13,Saturday,Sat,BadDay,bad,AAAA,OOOO,LLLL,aaaa,oooo,llll,AAAA,oooo,f,g,friend,very bad,333-22-444,333-22-4444,http://www.wirelessgeneration.com,http://www.wirelessgeneration.com,n,0,n,x,20,999,1020,9999,1273,2735,7356,43567,12384,23846,38467,84678,the cat sat on the mat,    this has four leading space characters,this has four trailing spaces    ,    this has four leading and four trailing spaces    ,this should not be blank,this should not be blank,Betty Smith,AAAA-OOOO-LLLL-aaaa,0.04,1.039,1.039,10.049,0.04,1.039,0.139,10.049
41,41,100041,Record # :041,2/10/13,11/12/13,11/12/13,2/10/13,11/12/13,11/12/13,2/10/13,2/10/13,Sunday,Sun,Sun,Sun,AAAA,PPPP,KKKK,aaaa,pppp,kkkk,AAAA,pppp,m,m,m,m,333-22-444,333-22-4444,http://www.wirelessgeneration.com,http://www.wirelessgeneration.com,y,y,y,y,1,1,1001,1001,1274,2745,7456,44567,12385,23856,38567,85678,the cat sat on the mat,    this has four leading space characters,this has four trailing spaces    ,    this has four leading and four trailing spaces    ,this should not be blank,this should not be blank,fred smith,AAAA-PPPP-KKKK-aaaa,0.041,1.04,1.04,10.05,0.041,1.04,0.14,10.05
42,42,100042,Record # :042,2/11/13,11/12/13,11/12/13,2/11/13,11/12/13,11/12/13,2/11/13,2/11/13,Monday,Mon,Monday,Mon,AAAA,QQQQ,JJJJ,aaaa,qqqq,jjjj,AAAA,qqqq,f,f,f,f,333-22-444,333-22-4444,http://www.wirelessgeneration.com,http://www.wirelessgeneration.com,n,n,n,n,2,2,1002,1002,1275,2755,7556,45567,12386,23866,38667,86678,the cat sat on the mat,    this has four leading space characters,this has four trailing spaces    ,    this has four leading and four trailing spaces    ,this should not be blank,this should not be blank,Fred Smith,AAAA-QQQQ-JJJJ-aaaa,0.042,1.041,1.041,10.051,0.042,1.041,0.141,10.051
43,43,100043,Record # :043,2/12/13,11/12/13,11/12/13,2/12/13,11/12/13,11/12/13,2/12/13,2/12/13,Tuesday,Tue,Tuesday,Tue,AAAA,RRRR,IIII,aaaa,rrrr,iiii,AAAA,rrrr,m,b,b,b,333-22-444,333-22-4444,http://www.wirelessgeneration.com,http://www.wirelessgeneration.com,y,1,yes,y,3,3,1003,1003,1276,2765,7656,46567,12387,23876,38767,87678,the cat sat on the mat,    this has four leading space characters,this has four trailing spaces    ,    this has four leading and four trailing spaces    ,this should not be blank,this should not be blank,fred j smith,AAAA-RRRR-IIII-aaaa,0.043,1.042,1.042,10.052,0.043,1.042,0.142,10.052
44,44,100044,Record # :044,2/13/13,11/12/13,11/12/13,2/13/13,11/12/13,11/12/13,2/13/13,2/13/13,Wednesday,Wed,Wednesday,Wed,AAAA,SSSS,HHHH,aaaa,ssss,hhhh,AAAA,ssss,f,g,g,g,333-22-444,333-22-4444,http://www.wirelessgeneration.com,http://www.wirelessgeneration.com,n,0,no,n,4,4,1004,1004,1277,2775,7756,47567,12388,23886,38867,88678,the cat sat on the mat,    this has four leading space characters,this has four trailing spaces    ,    this has four leading and four trailing spaces    ,this should not be blank,this should not be blank,Fred J. Smith,AAAA-SSSS-HHHH-aaaa,0.044,1.043,1.043,10.053,0.044,1.043,0.143,10.053
45,45,100045,Record # :045,2/14/13,11/12/13,11/12/13,2/14/13,11/12/13,11/12/13,2/14/13,2/14/13,Thursday,Thu,Thursday,Thu,AAAA,TTTT,GGGG,aaaa,tttt,gggg,AAAA,tttt,m,m,male,male,333-22-444,333-22-4444,http://www.wirelessgeneration.com,http://www.wirelessgeneration.com,y,y,1,y,5,5,1005,1005,1278,2785,7856,48567,12389,23896,38967,89678,the cat sat on the mat,    this has four leading space characters,this has four trailing spaces    ,    this has four leading and four trailing spaces    ,this should not be blank,this should not be blank,Fred Smith III,AAAA-TTTT-GGGG-aaaa,0.045,1.044,1.044,10.054,0.045,1.044,0.144,10.054
46,46,100046,Record # :046,2/15/13,11/12/13,11/12/13,2/15/13,11/12/13,11/12/13,2/15/13,2/15/13,Friday,Fri,Friday,Fri,AAAA,UUUU,FFFF,aaaa,uuuu,ffff,AAAA,uuuu,f,f,female,female,333-22-444,333-22-4444,http://www.wirelessgeneration.com,http://www.wirelessgeneration.com,n,n,0,n,6,6,1006,1006,1279,2795,7956,49567,12390,23906,39067,90678,the cat sat on the mat,    this has four leading space characters,this has four trailing spaces    ,    this has four leading and four trailing spaces    ,this should not be blank,this should not be blank,Sir Fred Smith,AAAA-UUUU-FFFF-aaaa,0.046,1.045,1.045,10.055,0.046,1.045,0.145,10.055
47,47,100047,Record # :047,2/16/13,11/12/13,11/12/13,2/16/13,11/12/13,11/12/13,2/16/13,2/16/13,Saturday,Sat,Saturday,Sat,AAAA,VVVV,EEEE,aaaa,vvvv,eeee,AAAA,vvvv,m,b,boy,boy,333-22-444,333-22-4444,http://www.wirelessgeneration.com,http://www.wirelessgeneration.com,y,1,y,y,7,7,1007,1007,1280,2805,8056,50567,12391,23916,39167,91678,the cat sat on the mat,    this has four leading space characters,this has four trailing spaces    ,    this has four leading and four trailing spaces    ,this should not be blank,this should not be blank,Fred Smith Senior,AAAA-VVVV-EEEE-aaaa,0.047,1.046,1.046,10.056,0.047,1.046,0.146,10.056
48,48,100048,Record # :048,2/17/13,11/12/13,11/12/13,2/17/13,11/12/13,11/12/13,2/17/13,2/17/13,Sunday,Sun,Sunday,Sun,AAAA,WWWW,DDDD,aaaa,wwww,dddd,AAAA,wwww,f,g,girl,girl,333-22-444,333-22-4444,http://www.wirelessgeneration.com,http://www.wirelessgeneration.com,n,0,n,n,8,8,1008,1008,1281,2815,8156,51567,12392,23926,39267,92678,the cat sat on the mat,    this has four leading space characters,this has four trailing spaces    ,    this has four leading and four trailing spaces    ,this should not be blank,this should not be blank,Fred Smith Junior,AAAA-WWWW-DDDD-aaaa,0.048,1.047,1.047,10.057,0.048,1.047,0.147,10.057
49,49,100049,Record # :049,2/18/13,11/12/13,11/12/13,2/18/13,11/12/13,11/12/13,2/18/13,2/18/13,Monday,Mon,Monday,Mon,AAAA,XXXX,CCCC,aaaa,xxxx,cccc,AAAA,xxxx,m,m,man,man,333-22-444,333-22-4444,http://www.wirelessgeneration.com,http://www.wirelessgeneration.com,y,y,y,y,9,9,1009,1009,1282,2825,8256,52567,12393,23936,39367,93678,the cat sat on the mat,    this has four leading space characters,this has four trailing spaces    ,    this has four leading and four trailing spaces    ,this should not be blank,this should not be blank,Mary Smith,AAAA-XXXX-CCCC-aaaa,0.049,1.048,1.048,10.058,0.049,1.048,0.148,10.058
50,50,100050,Record # :050,2/19/13,11/12/13,12/13/13,2/19/13,11/12/13,12/13/13,2/19/13,2/19/13,Tuesday,Tue,BadDay,Tuesday,AAAA,YYYY,BBBB,aaaa,yyyy,bbbb,notuc,NOLC,f,f,friend,very bad,333-22-444,333-22-4444,http://www.wirelessgeneration.com,http://www.wirelessgeneration.com,n,n,n,x,10,10,1010,1010,1283,2835,8356,53567,12394,23946,39467,94678,the cat sat on the mat,    this has four leading space characters,this has four trailing spaces    ,    this has four leading and four trailing spaces    ,this should not be blank,this should not be blank,Betty Smith,AAAA-YYYY-BBBB-aaaa,0.05,1.049,1.049,10.059,0.05,1.049,0.149,10.059
51,51,100051,Record # :051,2/20/13,11/12/13,11/12/13,2/20/13,11/12/13,11/12/13,2/20/13,2/20/13,Wednesday,Wed,Wednesday,Wed,AAAA,AAAA,ZZZZ,aaaa,aaaa,zzzz,AAAA,aaaa,m,b,m,m,333-22-444,22-333-4444,http://www.wirelessgeneration.com,not a URL at all,y,1,y,y,11,11,1011,1011,1284,2845,8456,54567,12395,23956,39567,95678,the cat sat on the mat,    this has four leading space characters,this has four trailing spaces    ,    this has four leading and four trailing spaces    ,this should not be blank,this should not be blank,fred smith,AAAA-AAAA-ZZZZ-aaaa,0.051,1.05,1.05,10.06,0.051,1.05,0.15,10.06
52,52,100052,Record # :052,2/21/13,11/12/13,11/12/13,2/21/13,11/12/13,11/12/13,2/21/13,2/21/13,Thursday,Thu,Thursday,Thu,AAAA,BBBB,YYYY,aaaa,bbbb,yyyy,AAAA,bbbb,f,g,f,f,333-22-444,333-22-4444,http://www.wirelessgeneration.com,http://www.wirelessgeneration.com,n,0,n,n,12,12,1012,1012,1285,2855,8556,55567,12396,23966,39667,96678,the cat sat on the mat,    this has four leading space characters,this has four trailing spaces    ,    this has four leading and four trailing spaces    ,this should not be blank,this should not be blank,Fred Smith,AAAA-BBBB-YYYY-aaaa,0.052,1.051,1.051,10.061,0.052,1.051,0.151,10.061
53,53,100053,Record # :053,2/22/13,11/12/13,11/12/13,2/22/13,11/12/13,11/12/13,2/22/13,2/22/13,Friday,Fri,Friday,Fri,AAAA,CCCC,XXXX,aaaa,cccc,xxxx,AAAA,cccc,m,m,b,b,333-22-444,333-22-4444,http://www.wirelessgeneration.com,http://www.wirelessgeneration.com,y,y,yes,y,13,13,1013,1013,1286,2865,8656,56567,12397,23976,39767,97678,the cat sat on the mat,    this has four leading space characters,this has four trailing spaces    ,    this has four leading and four trailing spaces    ,this should not be blank,this should not be blank,fred j smith,AAAA-CCCC-XXXX-aaaa,0.053,1.052,1.052,10.062,0.053,1.052,0.152,10.062
54,54,100054,Record # :054,2/23/13,11/12/13,11/12/13,2/23/13,11/12/13,11/12/13,2/23/13,2/23/13,Saturday,Sat,Saturday,Sat,AAAA,DDDD,WWWW,aaaa,dddd,wwww,AAAA,dddd,f,f,g,g,333-22-444,333-22-4444,http://www.wirelessgeneration.com,http://www.wirelessgeneration.com,n,n,no,n,14,14,1014,1014,1287,2875,8756,57567,12398,23986,39867,98678,the cat sat on the mat,    this has four leading space characters,this has four trailing spaces    ,    this has four leading and four trailing spaces    ,this should not be blank,this should not be blank,Fred J. Smith,AAAA-DDDD-WWWW-aaaa,0.054,1.053,1.053,10.063,0.054,1.053,0.153,10.063
55,55,100055,Record # :055,2/24/13,11/12/13,11/12/13,2/24/13,11/12/13,11/12/13,2/24/13,2/24/13,Sunday,Sun,Sunday,Sun,AAAA,EEEE,VVVV,aaaa,eeee,vvvv,AAAA,eeee,m,b,male,male,333-22-444,333-22-4444,http://www.wirelessgeneration.com,http://www.wirelessgeneration.com,y,1,1,y,15,15,1015,1015,1288,2885,8856,58567,12399,23996,39967,99678,the cat sat on the mat,    this has four leading space characters,this has four trailing spaces    ,    this has four leading and four trailing spaces    ,this should not be blank,this should not be blank,Fred Smith III,AAAA-EEEE-VVVV-aaaa,0.055,1.054,1.054,10.064,0.055,1.054,0.154,10.064
56,56,100056,Record # :056,2/25/13,11/12/13,11/12/13,2/25/13,11/12/13,11/12/13,2/25/13,2/25/13,Monday,Mon,Monday,Mon,AAAA,FFFF,UUUU,aaaa,ffff,uuuu,AAAA,ffff,f,g,female,female,333-22-444,333-22-4444,http://www.wirelessgeneration.com,http://www.wirelessgeneration.com,n,0,0,n,16,16,1016,1016,1289,2895,8956,59567,12400,24006,40067,100678,the cat sat on the mat,    this has four leading space characters,this has four trailing spaces    ,    this has four leading and four trailing spaces    ,this should not be blank,this should not be blank,Sir Fred Smith,AAAA-FFFF-UUUU-aaaa,0.056,1.055,1.055,10.065,0.056,1.055,0.155,10.065
57,57,100057,Record # :057,2/26/13,11/12/13,11/12/13,2/26/13,11/12/13,11/12/13,2/26/13,2/26/13,Tuesday,Tue,Tuesday,Tue,AAAA,GGGG,TTTT,aaaa,gggg,tttt,AAAA,gggg,m,m,boy,boy,333-22-444,333-22-4444,http://www.wirelessgeneration.com,http://www.wirelessgeneration.com,y,y,y,y,17,17,1017,1017,1290,2905,9056,60567,12401,24016,40167,101678,the cat sat on the mat,    this has four leading space characters,this has four trailing spaces    ,    this has four leading and four trailing spaces    ,this should not be blank,this should not be blank,Fred Smith Senior,AAAA-GGGG-TTTT-aaaa,0.057,1.056,1.056,10.066,0.057,1.056,0.156,10.066
58,58,100058,Record # :058,2/27/13,11/12/13,11/12/13,2/27/13,11/12/13,11/12/13,2/27/13,2/27/13,Wednesday,Wed,Wednesday,Wed,AAAA,HHHH,SSSS,aaaa,hhhh,ssss,AAAA,hhhh,f,f,girl,girl,333-22-444,333-22-4444,http://www.wirelessgeneration.com,http://www.wirelessgeneration.com,n,n,n,n,18,18,1018,1018,1291,2915,9156,61567,12402,24026,40267,102678,the cat sat on the mat,    this has four leading space characters,this has four trailing spaces    ,    this has four leading and four trailing spaces    ,this should not be blank,this should not be blank,Fred Smith Junior,AAAA-HHHH-SSSS-aaaa,0.058,1.057,1.057,10.067,0.058,1.057,0.157,10.067
59,59,100059,Record # :059,2/28/13,11/12/13,11/12/13,2/28/13,11/12/13,11/12/13,2/28/13,2/28/13,Thursday,Thu,Thursday,Thu,AAAA,IIII,RRRR,aaaa,iiii,rrrr,AAAA,iiii,m,b,man,man,333-22-444,333-22-4444,http://www.wirelessgeneration.com,http://www.wirelessgeneration.com,y,1,y,y,19,19,1019,1019,1292,2925,9256,62567,12403,24036,40367,103678,the cat sat on the mat,    this has four leading space characters,this has four trailing spaces    ,    this has four leading and four trailing spaces    ,this should not be blank,this should not be blank,Mary Smith,AAAA-IIII-RRRR-aaaa,0.059,1.058,1.058,10.068,0.059,1.058,0.158,10.068
60,60,100060,Record # :060,3/1/13,11/12/13,12/13/13,3/1/13,11/12/13,12/13/13,3/1/13,3/1/13,Friday,Fri,BadDay,Fri,AAAA,JJJJ,QQQQ,aaaa,jjjj,qqqq,AAAA,jjjj,f,g,friend,very bad,333-22-444,333-22-4444,http://www.wirelessgeneration.com,http://www.wirelessgeneration.com,n,0,n,x,20,999,1020,9999,1293,2935,9356,63567,12404,24046,40467,104678,the cat sat on the mat,    this has four leading space characters,this has four trailing spaces    ,    this has four leading and four trailing spaces    ,this should not be blank,this should not be blank,Betty Smith,AAAA-JJJJ-QQQQ-aaaa,0.06,1.059,1.059,10.069,0.06,1.059,0.159,10.069
61,61,100061,Record # :061,3/2/13,11/12/13,11/12/13,3/2/13,11/12/13,11/12/13,3/2/13,3/2/13,Saturday,Sat,Saturday,Sat,AAAA,KKKK,PPPP,aaaa,kkkk,pppp,AAAA,kkkk,m,m,m,m,333-22-444,333-22-4444,http://www.wirelessgeneration.com,http://www.wirelessgeneration.com,y,y,y,y,1,1,1001,1001,1294,2945,9456,64567,12405,24056,40567,105678,the cat sat on the mat,    this has four leading space characters,this has four trailing spaces    ,    this has four leading and four trailing spaces    ,this should not be blank,this should not be blank,fred smith,AAAA-KKKK-PPPP-aaaa,0.061,1.06,1.06,10.07,0.061,1.06,0.16,10.07
62,62,100062,Record # :062,3/3/13,11/12/13,11/12/13,3/3/13,11/12/13,11/12/13,3/3/13,3/3/13,Sunday,Sun,Sunday,Sun,AAAA,LLLL,OOOO,aaaa,llll,oooo,AAAA,llll,f,f,f,f,333-22-444,333-22-4444,http://www.wirelessgeneration.com,http://www.wirelessgeneration.com,n,n,n,n,2,2,1002,1002,1295,2955,9556,65567,12406,24066,40667,106678,the cat sat on the mat,    this has four leading space characters,this has four trailing spaces    ,    this has four leading and four trailing spaces    ,this should not be blank,this should not be blank,Fred Smith,AAAA-LLLL-OOOO-aaaa,0.062,1.061,1.061,10.071,0.062,1.061,0.161,10.071
63,63,100063,Record # :063,3/4/13,11/12/13,11/12/13,3/4/13,11/12/13,11/12/13,3/4/13,3/4/13,Monday,Mon,Monday,Mon,AAAA,MMMM,NNNN,aaaa,mmmm,nnnn,AAAA,mmmm,m,b,b,b,333-22-444,333-22-4444,http://www.wirelessgeneration.com,http://www.wirelessgeneration.com,y,1,yes,y,3,3,1003,1003,1296,2965,9656,66567,12407,24076,40767,107678,the cat sat on the mat,    this has four leading space characters,this has four trailing spaces    ,    this has four leading and four trailing spaces    ,this should not be blank,this should not be blank,fred j smith,AAAA-MMMM-NNNN-aaaa,0.063,1.062,1.062,10.072,0.063,1.062,0.162,10.072
64,64,100064,Record # :064,3/5/13,11/12/13,11/12/13,3/5/13,11/12/13,11/12/13,3/5/13,3/5/13,Tuesday,Tue,Tuesday,Tue,AAAA,NNNN,MMMM,aaaa,nnnn,mmmm,AAAA,nnnn,f,g,g,g,333-22-444,333-22-4444,http://www.wirelessgeneration.com,http://www.wirelessgeneration.com,n,0,no,n,4,4,1004,1004,1297,2975,9756,67567,12408,24086,40867,108678,the cat sat on the mat,    this has four leading space characters,this has four trailing spaces    ,    this has four leading and four trailing spaces    ,this should not be blank,this should not be blank,Fred J. Smith,AAAA-NNNN-MMMM-aaaa,0.064,1.063,1.063,10.073,0.064,1.063,0.163,10.073
65,65,100065,Record # :065,3/6/13,11/12/13,11/12/13,3/6/13,11/12/13,11/12/13,3/6/13,3/6/13,Wednesday,Wed,Wednesday,Wed,AAAA,OOOO,LLLL,aaaa,oooo,llll,AAAA,oooo,m,m,male,male,333-22-444,333-22-4444,http://www.wirelessgeneration.com,http://www.wirelessgeneration.com,y,y,1,y,5,5,1005,1005,1298,2985,9856,68567,12409,24096,40967,109678,the cat sat on the mat,    this has four leading space characters,this has four trailing spaces    ,    this has four leading and four trailing spaces    ,this should not be blank,this should not be blank,Fred Smith III,AAAA-OOOO-LLLL-aaaa,0.065,1.064,1.064,10.074,0.065,1.064,0.164,10.074
66,66,100066,Record # :066,3/7/13,11/12/13,11/12/13,3/7/13,11/12/13,11/12/13,3/7/13,3/7/13,Thursday,Thu,Thursday,Thu,AAAA,PPPP,KKKK,aaaa,pppp,kkkk,AAAA,pppp,f,f,female,female,333-22-444,333-22-4444,http://www.wirelessgeneration.com,http://www.wirelessgeneration.com,n,n,0,n,6,6,1006,1006,1299,2995,9956,69567,12410,24106,41067,110678,the cat sat on the mat,    this has four leading space characters,this has four trailing spaces    ,    this has four leading and four trailing spaces    ,this should not be blank,this should not be blank,Sir Fred Smith,AAAA-PPPP-KKKK-aaaa,0.066,1.065,1.065,10.075,0.066,1.065,0.165,10.075
67,67,100067,Record # :067,3/8/13,11/12/13,11/12/13,3/8/13,11/12/13,11/12/13,3/8/13,3/8/13,Friday,Fri,Friday,Fri,AAAA,QQQQ,JJJJ,aaaa,qqqq,jjjj,AAAA,qqqq,m,b,boy,boy,333-22-444,333-22-4444,http://www.wirelessgeneration.com,http://www.wirelessgeneration.com,y,1,y,y,7,7,1007,1007,1300,3005,10056,70567,12411,24116,41167,111678,the cat sat on the mat,    this has four leading space characters,this has four trailing spaces    ,    this has four leading and four trailing spaces    ,this should not be blank,this should not be blank,Fred Smith Senior,AAAA-QQQQ-JJJJ-aaaa,0.067,1.066,1.066,10.076,0.067,1.066,0.166,10.076
68,68,100068,Record # :068,3/9/13,11/12/13,11/12/13,3/9/13,11/12/13,11/12/13,3/9/13,3/9/13,Saturday,Sat,Saturday,Sat,AAAA,RRRR,IIII,aaaa,rrrr,iiii,AAAA,rrrr,f,g,girl,girl,333-22-444,333-22-4444,http://www.wirelessgeneration.com,http://www.wirelessgeneration.com,n,0,n,n,8,8,1008,1008,1301,3015,10156,71567,12412,24126,41267,112678,the cat sat on the mat,    this has four leading space characters,this has four trailing spaces    ,    this has four leading and four trailing spaces    ,this should not be blank,this should not be blank,Fred Smith Junior,AAAA-RRRR-IIII-aaaa,0.068,1.067,1.067,10.077,0.068,1.067,0.167,10.077
69,69,100069,Record # :069,3/10/13,11/12/13,11/12/13,3/10/13,11/12/13,11/12/13,3/10/13,3/10/13,Sunday,Sun,Sunday,Sun,AAAA,SSSS,HHHH,aaaa,ssss,hhhh,AAAA,ssss,m,m,man,man,333-22-444,333-22-4444,http://www.wirelessgeneration.com,http://www.wirelessgeneration.com,y,y,y,y,9,9,1009,1009,1302,3025,10256,72567,12413,24136,41367,113678,the cat sat on the mat,    this has four leading space characters,this has four trailing spaces    ,    this has four leading and four trailing spaces    ,this should not be blank,this should not be blank,Mary Smith,AAAA-SSSS-HHHH-aaaa,0.069,1.068,1.068,10.078,0.069,1.068,0.168,10.078
70,70,100070,Record # :070,3/11/13,11/12/13,12/13/13,3/11/13,11/12/13,12/13/13,3/11/13,3/11/13,Monday,Mon,BadDay,Mon,AAAA,TTTT,GGGG,aaaa,tttt,gggg,AAAA,tttt,f,f,friend,very bad,333-22-444,333-22-4444,http://www.wirelessgeneration.com,http://www.wirelessgeneration.com,n,n,n,x,10,10,1010,1010,1303,3035,10356,73567,12414,24146,41467,114678,the cat sat on the mat,    this has four leading space characters,this has four trailing spaces    ,    this has four leading and four trailing spaces    ,this should not be blank,this should not be blank,Betty Smith,AAAA-TTTT-GGGG-aaaa,0.07,1.069,1.069,10.079,0.07,1.069,0.169,10.079
71,71,100071,Record # :071,3/12/13,11/12/13,11/12/13,3/12/13,11/12/13,11/12/13,3/12/13,3/12/13,Tuesday,Tue,Tuesday,Tue,AAAA,UUUU,FFFF,aaaa,uuuu,ffff,AAAA,uuuu,m,b,m,m,333-22-444,22-333-4444,http://www.wirelessgeneration.com,not a URL at all,y,1,y,y,11,11,1011,1011,1304,3045,10456,74567,12415,24156,41567,115678,the cat sat on the mat,    this has four leading space characters,this has four trailing spaces    ,    this has four leading and four trailing spaces    ,this should not be blank,this should not be blank,fred smith,AAAA-UUUU-FFFF-aaaa,0.071,1.07,1.07,10.08,0.071,1.07,0.17,10.08
72,72,100072,Record # :072,3/13/13,11/12/13,11/12/13,3/13/13,11/12/13,11/12/13,3/13/13,3/13/13,Wednesday,Wed,Wednesday,Wed,AAAA,VVVV,EEEE,aaaa,vvvv,eeee,AAAA,vvvv,f,g,f,f,333-22-444,333-22-4444,http://www.wirelessgeneration.com,http://www.wirelessgeneration.com,n,0,n,n,12,12,1012,1012,1305,3055,10556,75567,12416,24166,41667,116678,the cat sat on the mat,    this has four leading space characters,this has four trailing spaces    ,    this has four leading and four trailing spaces    ,this should not be blank,this should not be blank,Fred Smith,AAAA-VVVV-EEEE-aaaa,0.072,1.071,1.071,10.081,0.072,1.071,0.171,10.081
73,73,100073,Record # :073,3/14/13,11/12/13,11/12/13,3/14/13,11/12/13,11/12/13,3/14/13,3/14/13,Thursday,Thu,Thursday,Thu,AAAA,WWWW,DDDD,aaaa,wwww,dddd,AAAA,wwww,m,m,b,b,333-22-444,333-22-4444,http://www.wirelessgeneration.com,http://www.wirelessgeneration.com,y,y,yes,y,13,13,1013,1013,1306,3065,10656,76567,12417,24176,41767,117678,the cat sat on the mat,    this has four leading space characters,this has four trailing spaces    ,    this has four leading and four trailing spaces    ,this should not be blank,this should not be blank,fred j smith,AAAA-WWWW-DDDD-aaaa,0.073,1.072,1.072,10.082,0.073,1.072,0.172,10.082
74,74,100074,Record # :074,3/15/13,11/12/13,11/12/13,3/15/13,11/12/13,11/12/13,3/15/13,3/15/13,Friday,Fri,Friday,Fri,AAAA,XXXX,CCCC,aaaa,xxxx,cccc,AAAA,xxxx,f,f,g,g,333-22-444,333-22-4444,http://www.wirelessgeneration.com,http://www.wirelessgeneration.com,n,n,no,n,14,14,1014,1014,1307,3075,10756,77567,12418,24186,41867,118678,the cat sat on the mat,    this has four leading space characters,this has four trailing spaces    ,    this has four leading and four trailing spaces    ,this should not be blank,this should not be blank,Fred J. Smith,AAAA-XXXX-CCCC-aaaa,0.074,1.073,1.073,10.083,0.074,1.073,0.173,10.083
75,75,100075,Record # :075,3/16/13,11/12/13,11/12/13,3/16/13,11/12/13,11/12/13,3/16/13,3/16/13,Saturday,Sat,Friday,Sat,AAAA,YYYY,BBBB,aaaa,yyyy,bbbb,notuc,NOLC,m,b,male,male,333-22-444,333-22-4444,http://www.wirelessgeneration.com,http://www.wirelessgeneration.com,y,1,1,y,15,15,1015,1015,1308,3085,10856,78567,12419,24196,41967,119678,the cat sat on the mat,    this has four leading space characters,this has four trailing spaces    ,    this has four leading and four trailing spaces    ,this should not be blank,this should not be blank,Fred Smith III,AAAA-YYYY-BBBB-aaaa,0.075,1.074,1.074,10.084,0.075,1.074,0.174,10.084
76,76,100076,Record # :076,3/17/13,11/12/13,11/12/13,3/17/13,11/12/13,11/12/13,3/17/13,3/17/13,Sunday,Sun,Sunday,Sun,AAAA,AAAA,ZZZZ,aaaa,aaaa,zzzz,AAAA,aaaa,f,g,female,female,333-22-444,333-22-4444,http://www.wirelessgeneration.com,http://www.wirelessgeneration.com,n,0,0,n,16,16,1016,1016,1309,3095,10956,79567,12420,24206,42067,120678,the cat sat on the mat,    this has four leading space characters,this has four trailing spaces    ,    this has four leading and four trailing spaces    ,this should not be blank,this should not be blank,Sir Fred Smith,AAAA-AAAA-ZZZZ-aaaa,0.076,1.075,1.075,10.085,0.076,1.075,0.175,10.085
77,77,100077,Record # :077,3/18/13,11/12/13,11/12/13,3/18/13,11/12/13,11/12/13,3/18/13,3/18/13,Monday,Mon,Monday,Mon,AAAA,BBBB,YYYY,aaaa,bbbb,yyyy,AAAA,bbbb,m,m,boy,boy,333-22-444,333-22-4444,http://www.wirelessgeneration.com,http://www.wirelessgeneration.com,y,y,y,y,17,17,1017,1017,1310,3105,11056,80567,12421,24216,42167,121678,the cat sat on the mat,    this has four leading space characters,this has four trailing spaces    ,    this has four leading and four trailing spaces    ,this should not be blank,this should not be blank,Fred Smith Senior,AAAA-BBBB-YYYY-aaaa,0.077,1.076,1.076,10.086,0.077,1.076,0.176,10.086
78,78,100078,Record # :078,3/19/13,11/12/13,11/12/13,3/19/13,11/12/13,11/12/13,3/19/13,3/19/13,Tuesday,Tue,Tuesday,Tue,AAAA,CCCC,XXXX,aaaa,cccc,xxxx,AAAA,cccc,f,f,girl,girl,333-22-444,333-22-4444,http://www.wirelessgeneration.com,http://www.wirelessgeneration.com,n,n,n,n,18,18,1018,1018,1311,3115,11156,81567,12422,24226,42267,122678,the cat sat on the mat,    this has four leading space characters,this has four trailing spaces    ,    this has four leading and four trailing spaces    ,this should not be blank,this should not be blank,Fred Smith Junior,AAAA-CCCC-XXXX-aaaa,0.078,1.077,1.077,10.087,0.078,1.077,0.177,10.087
79,79,100079,Record # :079,3/20/13,11/12/13,11/12/13,3/20/13,11/12/13,11/12/13,3/20/13,3/20/13,Wednesday,Wed,Wednesday,Wed,AAAA,DDDD,WWWW,aaaa,dddd,wwww,AAAA,dddd,m,b,man,man,333-22-444,333-22-4444,http://www.wirelessgeneration.com,http://www.wirelessgeneration.com,y,1,y,y,19,19,1019,1019,1312,3125,11256,82567,12423,24236,42367,123678,the cat sat on the mat,    this has four leading space characters,this has four trailing spaces    ,    this has four leading and four trailing spaces    ,this should not be blank,this should not be blank,Mary Smith,AAAA-DDDD-WWWW-aaaa,0.079,1.078,1.078,10.088,0.079,1.078,0.178,10.088
80,80,100080,Record # :080,3/21/13,11/12/13,12/13/13,3/21/13,11/12/13,12/13/13,3/21/13,3/21/13,Thursday,Thu,BadDay,Thu,AAAA,EEEE,VVVV,aaaa,eeee,vvvv,AAAA,eeee,f,g,friend,very bad,333-22-444,333-22-4444,http://www.wirelessgeneration.com,http://www.wirelessgeneration.com,n,0,n,x,20,999,1020,9999,1313,3135,11356,83567,12424,24246,42467,124678,the cat sat on the mat,    this has four leading space characters,this has four trailing spaces    ,    this has four leading and four trailing spaces    ,this should not be blank,this should not be blank,Betty Smith,AAAA-EEEE-VVVV-aaaa,0.08,1.079,1.079,10.089,0.08,1.079,0.179,10.089
81,81,100081,Record # :081,3/22/13,11/12/13,11/12/13,3/22/13,11/12/13,11/12/13,3/22/13,3/22/13,Friday,Fri,Friday,Fri,AAAA,FFFF,UUUU,aaaa,ffff,uuuu,AAAA,ffff,m,m,m,m,333-22-444,333-22-4444,http://www.wirelessgeneration.com,http://www.wirelessgeneration.com,y,y,y,y,1,1,1001,1001,1314,3145,11456,84567,12425,24256,42567,125678,the cat sat on the mat,    this has four leading space characters,this has four trailing spaces    ,    this has four leading and four trailing spaces    ,this should not be blank,this should not be blank,fred smith,AAAA-FFFF-UUUU-aaaa,0.081,1.08,1.08,10.09,0.081,1.08,0.18,10.09
82,82,100082,Record # :082,3/23/13,11/12/13,11/12/13,3/23/13,11/12/13,11/12/13,3/23/13,3/23/13,Saturday,Sat,Saturday,Sat,AAAA,GGGG,TTTT,aaaa,gggg,tttt,AAAA,gggg,f,f,f,f,333-22-444,333-22-4444,http://www.wirelessgeneration.com,http://www.wirelessgeneration.com,n,n,n,n,2,2,1002,1002,1315,3155,11556,85567,12426,24266,42667,126678,the cat sat on the mat,    this has four leading space characters,this has four trailing spaces    ,    this has four leading and four trailing spaces    ,this should not be blank,this should not be blank,Fred Smith,AAAA-GGGG-TTTT-aaaa,0.082,1.081,1.081,10.091,0.082,1.081,0.181,10.091
83,83,100083,Record # :083,3/24/13,11/12/13,11/12/13,3/24/13,11/12/13,11/12/13,3/24/13,3/24/13,Sunday,Sun,Sunday,Sun,AAAA,HHHH,SSSS,aaaa,hhhh,ssss,AAAA,hhhh,m,b,b,b,333-22-444,333-22-4444,http://www.wirelessgeneration.com,http://www.wirelessgeneration.com,y,1,yes,y,3,3,1003,1003,1316,3165,11656,86567,12427,24276,42767,127678,the cat sat on the mat,    this has four leading space characters,this has four trailing spaces    ,    this has four leading and four trailing spaces    ,this should not be blank,this should not be blank,fred j smith,AAAA-HHHH-SSSS-aaaa,0.083,1.082,1.082,10.092,0.083,1.082,0.182,10.092
84,84,100084,Record # :084,3/25/13,11/12/13,11/12/13,3/25/13,11/12/13,11/12/13,3/25/13,3/25/13,Monday,Mon,Monday,Mon,AAAA,IIII,RRRR,aaaa,iiii,rrrr,AAAA,iiii,f,g,g,g,333-22-444,333-22-4444,http://www.wirelessgeneration.com,http://www.wirelessgeneration.com,n,0,no,n,4,4,1004,1004,1317,3175,11756,87567,12428,24286,42867,128678,the cat sat on the mat,    this has four leading space characters,this has four trailing spaces    ,    this has four leading and four trailing spaces    ,this should not be blank,this should not be blank,Fred J. Smith,AAAA-IIII-RRRR-aaaa,0.084,1.083,1.083,10.093,0.084,1.083,0.183,10.093
85,85,100085,Record # :085,3/26/13,11/12/13,11/12/13,3/26/13,11/12/13,11/12/13,3/26/13,3/26/13,Tuesday,Tue,Tuesday,Tue,AAAA,JJJJ,QQQQ,aaaa,jjjj,qqqq,AAAA,jjjj,m,m,male,male,333-22-444,333-22-4444,http://www.wirelessgeneration.com,http://www.wirelessgeneration.com,y,y,1,y,5,5,1005,1005,1318,3185,11856,88567,12429,24296,42967,129678,the cat sat on the mat,    this has four leading space characters,this has four trailing spaces    ,    this has four leading and four trailing spaces    ,this should not be blank,this should not be blank,Fred Smith III,AAAA-JJJJ-QQQQ-aaaa,0.085,1.084,1.084,10.094,0.085,1.084,0.184,10.094
86,86,100086,Record # :086,3/27/13,11/12/13,11/12/13,3/27/13,11/12/13,11/12/13,3/27/13,3/27/13,Wednesday,Wed,Wednesday,Wed,AAAA,KKKK,PPPP,aaaa,kkkk,pppp,AAAA,kkkk,f,f,female,female,333-22-444,333-22-4444,http://www.wirelessgeneration.com,http://www.wirelessgeneration.com,n,n,0,n,6,6,1006,1006,1319,3195,11956,89567,12430,24306,43067,130678,the cat sat on the mat,    this has four leading space characters,this has four trailing spaces    ,    this has four leading and four trailing spaces    ,this should not be blank,this should not be blank,Sir Fred Smith,AAAA-KKKK-PPPP-aaaa,0.086,1.085,1.085,10.095,0.086,1.085,0.185,10.095
87,87,100087,Record # :087,3/28/13,11/12/13,11/12/13,3/28/13,11/12/13,11/12/13,3/28/13,3/28/13,Thursday,Thu,Thursday,Thu,AAAA,LLLL,OOOO,aaaa,llll,oooo,AAAA,llll,m,b,boy,boy,333-22-444,333-22-4444,http://www.wirelessgeneration.com,http://www.wirelessgeneration.com,y,1,y,y,7,7,1007,1007,1320,3205,12056,90567,12431,24316,43167,131678,the cat sat on the mat,    this has four leading space characters,this has four trailing spaces    ,    this has four leading and four trailing spaces    ,this should not be blank,this should not be blank,Fred Smith Senior,AAAA-LLLL-OOOO-aaaa,0.087,1.086,1.086,10.096,0.087,1.086,0.186,10.096
88,88,100088,Record # :088,3/29/13,11/12/13,11/12/13,3/29/13,11/12/13,11/12/13,3/29/13,3/29/13,Friday,Fri,Friday,Fri,AAAA,MMMM,NNNN,aaaa,mmmm,nnnn,AAAA,mmmm,f,g,girl,girl,333-22-444,333-22-4444,http://www.wirelessgeneration.com,http://www.wirelessgeneration.com,n,0,n,n,8,8,1008,1008,1321,3215,12156,91567,12432,24326,43267,132678,the cat sat on the mat,    this has four leading space characters,this has four trailing spaces    ,    this has four leading and four trailing spaces    ,this should not be blank,this should not be blank,Fred Smith Junior,AAAA-MMMM-NNNN-aaaa,0.088,1.087,1.087,10.097,0.088,1.087,0.187,10.097
89,89,100089,Record # :089,3/30/13,11/12/13,11/12/13,3/30/13,11/12/13,11/12/13,3/30/13,3/30/13,Saturday,Sat,Saturday,Sat,AAAA,NNNN,MMMM,aaaa,nnnn,mmmm,AAAA,nnnn,m,m,man,man,333-22-444,333-22-4444,http://www.wirelessgeneration.com,http://www.wirelessgeneration.com,y,y,y,y,9,9,1009,1009,1322,3225,12256,92567,12433,24336,43367,133678,the cat sat on the mat,    this has four leading space characters,this has four trailing spaces    ,    this has four leading and four trailing spaces    ,this should not be blank,this should not be blank,Mary Smith,AAAA-NNNN-MMMM-aaaa,0.089,1.088,1.088,10.098,0.089,1.088,0.188,10.098
90,90,100090,Record # :090,3/31/13,11/12/13,12/13/13,3/31/13,11/12/13,12/13/13,3/31/13,3/31/13,Sunday,Sun,BadDay,Sun,AAAA,OOOO,LLLL,aaaa,oooo,llll,AAAA,oooo,f,f,friend,very bad,333-22-444,333-22-4444,http://www.wirelessgeneration.com,http://www.wirelessgeneration.com,n,n,n,x,10,10,1010,1010,1323,3235,12356,93567,12434,24346,43467,134678,the cat sat on the mat,    this has four leading space characters,this has four trailing spaces    ,    this has four leading and four trailing spaces    ,this should not be blank,this should not be blank,Betty Smith,AAAA-OOOO-LLLL-aaaa,0.09,1.089,1.089,10.099,0.09,1.089,0.189,10.099
91,91,100091,Record # :091,4/1/13,11/12/13,11/12/13,4/1/13,11/12/13,11/12/13,4/1/13,4/1/13,Monday,Mon,Monday,Mon,AAAA,PPPP,KKKK,aaaa,pppp,kkkk,AAAA,pppp,m,b,m,m,333-22-444,22-333-4444,http://www.wirelessgeneration.com,not a URL at all,y,1,y,y,11,11,1011,1011,1324,3245,12456,94567,12435,24356,43567,135678,the cat sat on the mat,    this has four leading space characters,this has four trailing spaces    ,    this has four leading and four trailing spaces    ,this should not be blank,this should not be blank,fred smith,AAAA-PPPP-KKKK-aaaa,0.091,1.09,1.09,10.1,0.091,1.09,0.19,10.1
92,92,100092,Record # :092,4/2/13,11/12/13,11/12/13,4/2/13,11/12/13,11/12/13,4/2/13,4/2/13,Tuesday,Tue,Tuesday,Tue,AAAA,QQQQ,JJJJ,aaaa,qqqq,jjjj,AAAA,qqqq,f,g,f,f,333-22-444,333-22-4444,http://www.wirelessgeneration.com,http://www.wirelessgeneration.com,n,0,n,n,12,12,1012,1012,1325,3255,12556,95567,12436,24366,43667,136678,the cat sat on the mat,    this has four leading space characters,this has four trailing spaces    ,    this has four leading and four trailing spaces    ,this should not be blank,this should not be blank,Fred Smith,AAAA-QQQQ-JJJJ-aaaa,0.092,1.091,1.091,10.101,0.092,1.091,0.191,10.101
93,93,100093,Record # :093,4/3/13,11/12/13,11/12/13,4/3/13,11/12/13,11/12/13,4/3/13,4/3/13,Wednesday,Wed,Wednesday,Wed,AAAA,RRRR,IIII,aaaa,rrrr,iiii,AAAA,rrrr,m,m,b,b,333-22-444,333-22-4444,http://www.wirelessgeneration.com,http://www.wirelessgeneration.com,y,y,yes,y,13,13,1013,1013,1326,3265,12656,96567,12437,24376,43767,137678,the cat sat on the mat,    this has four leading space characters,this has four trailing spaces    ,    this has four leading and four trailing spaces    ,this should not be blank,this should not be blank,fred j smith,AAAA-RRRR-IIII-aaaa,0.093,1.092,1.092,10.102,0.093,1.092,0.192,10.102
94,94,100094,Record # :094,4/4/13,11/12/13,11/12/13,4/4/13,11/12/13,11/12/13,4/4/13,4/4/13,Thursday,Thu,Thursday,Thu,AAAA,SSSS,HHHH,aaaa,ssss,hhhh,AAAA,ssss,f,f,g,g,333-22-444,333-22-4444,http://www.wirelessgeneration.com,http://www.wirelessgeneration.com,n,n,no,n,14,14,1014,1014,1327,3275,12756,97567,12438,24386,43867,138678,the cat sat on the mat,    this has four leading space characters,this has four trailing spaces    ,    this has four leading and four trailing spaces    ,this should not be blank,this should not be blank,Fred J. Smith,AAAA-SSSS-HHHH-aaaa,0.094,1.093,1.093,10.103,0.094,1.093,0.193,10.103
95,95,100095,Record # :095,4/5/13,11/12/13,11/12/13,4/5/13,11/12/13,11/12/13,4/5/13,4/5/13,Friday,Fri,Friday,Fri,AAAA,TTTT,GGGG,aaaa,tttt,gggg,AAAA,tttt,m,b,male,male,333-22-444,333-22-4444,http://www.wirelessgeneration.com,http://www.wirelessgeneration.com,y,1,1,y,15,15,1015,1015,1328,3285,12856,98567,12439,24396,43967,139678,the cat sat on the mat,    this has four leading space characters,this has four trailing spaces    ,    this has four leading and four trailing spaces    ,this should not be blank,this should not be blank,Fred Smith III,AAAA-TTTT-GGGG-aaaa,0.095,1.094,1.094,10.104,0.095,1.094,0.194,10.104
96,96,100096,Record # :096,4/6/13,11/12/13,11/12/13,4/6/13,11/12/13,11/12/13,4/6/13,4/6/13,Saturday,Sat,Saturday,Sat,AAAA,UUUU,FFFF,aaaa,uuuu,ffff,AAAA,uuuu,f,g,female,female,333-22-444,333-22-4444,http://www.wirelessgeneration.com,http://www.wirelessgeneration.com,n,0,0,n,16,16,1016,1016,1329,3295,12956,99567,12440,24406,44067,140678,the cat sat on the mat,    this has four leading space characters,this has four trailing spaces    ,    this has four leading and four trailing spaces    ,this should not be blank,this should not be blank,Sir Fred Smith,AAAA-UUUU-FFFF-aaaa,0.096,1.095,1.095,10.105,0.096,1.095,0.195,10.105
97,97,100097,Record # :097,4/7/13,11/12/13,11/12/13,4/7/13,11/12/13,11/12/13,4/7/13,4/7/13,Sunday,Sun,Sunday,Sun,AAAA,VVVV,EEEE,aaaa,vvvv,eeee,AAAA,vvvv,m,m,boy,boy,333-22-444,333-22-4444,http://www.wirelessgeneration.com,http://www.wirelessgeneration.com,y,y,y,y,17,17,1017,1017,1330,3305,13056,100567,12441,24416,44167,141678,the cat sat on the mat,    this has four leading space characters,this has four trailing spaces    ,    this has four leading and four trailing spaces    ,this should not be blank,this should not be blank,Fred Smith Senior,AAAA-VVVV-EEEE-aaaa,0.097,1.096,1.096,10.106,0.097,1.096,0.196,10.106
98,98,100098,Record # :098,4/8/13,11/12/13,11/12/13,4/8/13,11/12/13,11/12/13,4/8/13,4/8/13,Monday,Mon,Monday,Mon,AAAA,WWWW,DDDD,aaaa,wwww,dddd,AAAA,wwww,f,f,girl,girl,333-22-444,333-22-4444,http://www.wirelessgeneration.com,http://www.wirelessgeneration.com,n,n,n,n,18,18,1018,1018,1331,3315,13156,101567,12442,24426,44267,142678,the cat sat on the mat,    this has four leading space characters,this has four trailing spaces    ,    this has four leading and four trailing spaces    ,this should not be blank,this should not be blank,Fred Smith Junior,AAAA-WWWW-DDDD-aaaa,0.098,1.097,1.097,10.107,0.098,1.097,0.197,10.107
99,99,100099,Record # :099,4/9/13,11/12/13,11/12/13,4/9/13,11/12/13,11/12/13,4/9/13,4/9/13,Tuesday,Tue,Tuesday,Tue,AAAA,XXXX,CCCC,aaaa,xxxx,cccc,AAAA,xxxx,m,b,man,man,333-22-444,333-22-4444,http://www.wirelessgeneration.com,http://www.wirelessgeneration.com,y,1,y,y,19,19,1019,1019,1332,3325,13256,102567,12443,24436,44367,143678,the cat sat on the mat,    this has four leading space characters,this has four trailing spaces    ,    this has four leading and four trailing spaces    ,this should not be blank,this should not be blank,Mary Smith,AAAA-XXXX-CCCC-aaaa,0.099,1.098,1.098,10.108,0.099,1.098,0.198,10.108
100,100,100100,Record # :100,4/10/13,11/12/13,12/13/13,4/10/13,11/12/13,12/13/13,4/10/13,4/10/13,Wednesday,Wed,BadDay,Wed,AAAA,YYYY,BBBB,aaaa,yyyy,bbbb,notuc,NOLC,f,g,friend,very bad,333-22-444,333-22-4444,http://www.wirelessgeneration.com,http://www.wirelessgeneration.com,n,0,n,x,20,999,1020,9999,1333,3335,13356,103567,12444,24446,44467,144678,the cat sat on the mat,    this has four leading space characters,this has four trailing spaces    ,    this has four leading and four trailing spaces    ,this should not be blank,this should not be blank,Betty Smith,AAAA-YYYY-BBBB-aaaa,0.1,1.099,1.099,10.109,0.1,1.099,0.199,10.109