Violaceous euphonia Groundhog SCHOOL DISTRICT,Livebearer Fish-eating Bat PRIMARY,5 Least bittern STREET,Primary
Violaceous euphonia Red-tailed Squirrel COUNTY SCHOOLS,Cavefish Common Zebra ELEMENTARY SCHOOL,8 Green-throated mango SOUTH AVE,Primary
Violaceous euphonia Antarctic Fur Seals SCHOOLS,Man-of-war fish Ardilla Zorra CHILDHOOD CENTER,2 Brown noddy NORTH AVE,Primary
Violaceous euphonia macaco-prego SD,Dwarf loach Cachicamo SCH,17 Ash-throated crake STREET,Primary
Violaceous euphonia macaco-prego SD,Dwarf loach Pichi SCH,93 Green honeycreeper STREET,Primary
Violaceous euphonia macaco-prego SD,Yellow weaver Southern Mountain Reedbuck ELEM,140 Sunbittern SOUTH AVE,Primary
Violaceous euphonia macaco-prego SD,Yellow weaver Mouflon MIDDLE SCHOOL,107 Collared trogon WAY,Middle
Violaceous euphonia macaco-prego SD,Yellow weaver Coarse-haired Wombat MIDDLE SCHOOL,67 Lined seedeater AVE,Middle
Violaceous euphonia macaco-prego SD,Yellow weaver Cachicamo MIDDLE SCHOOL,4 Long-tailed tyrant AVE,Middle
Violaceous euphonia macaco-prego SD,Yellow weaver Pichi HIGH SCHOOL,163 Golden-spangled piculet SOUTH AVE,High
Violaceous euphonia macaco-prego SD,Aholehole Southern Mountain Reedbuck SENIOR HIGH,66 Swainson's flycatcher AVE,High
Violaceous euphonia macaco-prego SD,Aholehole Mouflon SENIOR HIGH,113 Ruby-topaz hummingbird STREET,High
Violaceous euphonia macaco-prego SD,Aholehole Coarse-haired Wombat SCHOOL,138 Campo flicker NORTH AVE,Other
Violaceous euphonia macaco-prego SD,Aholehole Cachicamo SCH,56 White-winged swallow SOUTH AVE,Other
Violaceous euphonia macaco-prego SD,Aholehole Pichi SCH,50 Anhinga WAY,Other
Violaceous euphonia macaco-prego SD,North American darter Southern Mountain Reedbuck SCHOOL,164 Grey-winged trumpeter WAY,Other
Violaceous euphonia macaco-prego SD,North American darter Mouflon SCH,137 Semipalmated sandpiper SOUTH AVE,Other
Violaceous euphonia macaco-prego SD,North American darter Coarse-haired Wombat SCH,99 Swallow-tailed kite WAY,Other
Violaceous euphonia macaco-prego SD,North American darter Cachicamo SCH,131 Common potoo WAY,Other
Violaceous euphonia macaco-prego SD,North American darter Pichi SCH,132 American flamingo ROAD,Other
Violaceous euphonia Asian Small-clawed Otter SCHOOLS,Salmon Short-nosed Bandicoot CTR,7 Tropical screech-owl STREET,Primary
Violaceous euphonia cachorro-do-mato COUNTY SCHOOLS,Stingfish Utah Prairie Dog MIDDLE SCHOOL,19 Green heron WAY,Middle
Violaceous euphonia cachorro-do-mato COUNTY SCHOOLS,Stingfish Orange Nectar Bat SENIOR HIGH,17 Chestnut woodpecker STREET,High
Violaceous euphonia cachorro-do-mato COUNTY SCHOOLS,Mosquitofish Utah Prairie Dog SCH,29 Rufous-crowned elaenia WAY,Other
Violaceous euphonia cachorro-do-mato COUNTY SCHOOLS,Mosquitofish Orange Nectar Bat SCHOOL,22 Yellow-green grosbeak SOUTH AVE,Other
Violaceous euphonia Prevost's Squirrel SCHOOL DISTRICT,"Pacific trout Asian Small-clawed Otter CETR, ELEM",5 Chestnut-bellied heron AVE,Primary
Violaceous euphonia Marmoset PUBLIC SHCOOLS,"Shortnose sucker San Nicolas Island Fox CETR, ELEM",41 American kestrel NORTH AVE,Primary
Violaceous euphonia Marmoset PUBLIC SHCOOLS,Shortnose sucker American Pine Marten COMMUNITY MIDDLE,66 White-plumed antbird AVE,Middle
Violaceous euphonia Marmoset PUBLIC SHCOOLS,Trumpetfish Gray Squirrel COMMUNITY MIDDLE,9 Roadside Hawk ROAD,Middle
Violaceous euphonia Marmoset PUBLIC SHCOOLS,Trumpetfish New Forest Pony SENIOR HIGH,8 Sooty tern AVE,High
Violaceous euphonia Marmoset PUBLIC SHCOOLS,Trumpetfish San Nicolas Island Fox HS,4 Capuchin bird STREET,High
Violaceous euphonia Marmoset PUBLIC SHCOOLS,Trumpetfish American Pine Marten SCH,81 White-eyed parakeet AVE,Other
Violaceous euphonia Marmoset PUBLIC SHCOOLS,Hussar Gray Squirrel SCH,38 Grey(-lined) hawk STREET,Other
Violaceous euphonia Marmoset PUBLIC SHCOOLS,Hussar New Forest Pony SCHOOL,97 Spotted tanager ROAD,Other
Violaceous euphonia Marmoset PUBLIC SHCOOLS,Hussar San Nicolas Island Fox SCHOOL,3 Black-headed parrot ROAD,Other
Violaceous euphonia Marmoset PUBLIC SHCOOLS,Hussar American Pine Marten SCHOOL,"11 Common gallinule, Moorhen STREET",Other
Violaceous euphonia Florida Manatee COUNTY SCHOOLS,Roosterfish Lowland streaked tenrec SCH,4 Black-headed gull SOUTH AVE,Primary
Violaceous euphonia Least Pygmy Squirrel SD,Lake whitefish Cheetah and Cub ELEMENTARY SCHOOL,18 Great black hawk ROAD,Primary
Violaceous euphonia Least Pygmy Squirrel SD,Jewelfish Achuni SCH,13 Crimson-hooded manakin AVE,Other
Violaceous euphonia Least Pygmy Squirrel SD,Jewelfish Cheetah and Cub SCHOOL,16 American flamingo WAY,Other
Violaceous euphonia Sonoma Tree Vole PUBLIC SHCOOLS,Giant danio Cape Hare ELEM,8 Crested bobwhite ROAD,Primary
Violaceous euphonia Cozumel DISTRICT,Creek chub Vinta Ground Squirrel EL SCH,8 White-fringed antwren NORTH AVE,Primary
Violaceous euphonia Pig-tailed Macaque SCHOOL DISTRICT,Nibble Fish Black-backed Jackal ELEMENTARY SCHOOL,3 Dusky-chested flycatcher NORTH AVE,Primary
Violaceous euphonia Tapir young PUBLIC SHCOOLS,Wahoo Northern Elephant Seals SCH,6 Amethyst woodstar AVE,Primary
Violaceous euphonia Golden Bamboo Lemur PUBLIC SHCOOLS,Killifish Rousettus Bat CHILDHOOD CENTER,1 Brown-throated parakeet NORTH AVE,Primary
Spotted puffbird Groundhog DISTRICT,Torrent fish Plains Zebra EL SCH,3 Rufous-throated antbird WAY,Primary
Spotted puffbird Groundhog DISTRICT,Torrent fish Dahomey Dwarf Cattle SCH,14 Snail kite AVE,Other
Spotted puffbird Red-tailed Squirrel COUNTY SCHOOLS,Dhufish Desert Cottontail SCH,2 Lesser kiskadee WAY,Primary
Spotted puffbird Red-tailed Squirrel COUNTY SCHOOLS,Dhufish Fish Eating Bat ELEMENTARY SCHOOL,63 White-cheeked pintail STREET,Primary
Spotted puffbird Red-tailed Squirrel COUNTY SCHOOLS,Torpedo Pronghorn COMMUNITY MIDDLE,42 Plain-breasted ground-dove ROAD,Middle
Spotted puffbird Red-tailed Squirrel COUNTY SCHOOLS,Torpedo Desert Cottontail HIGH SCHOOL,9 Green-tailed jacamar AVE,High
Spotted puffbird Red-tailed Squirrel COUNTY SCHOOLS,Torpedo Fish Eating Bat SCH,74 Golden-spangled piculet AVE,Other
Spotted puffbird Red-tailed Squirrel COUNTY SCHOOLS,Rabbitfish Pronghorn SCH,69 Yellow-billed jacamar NORTH AVE,Other
Spotted puffbird Red-tailed Squirrel COUNTY SCHOOLS,Rabbitfish Desert Cottontail SCH,54 Blue-backed manakin STREET,Other
Spotted puffbird Red-tailed Squirrel COUNTY SCHOOLS,Rabbitfish Fish Eating Bat SCHOOL,25 Crested eagle STREET,Other
Spotted puffbird Antarctic Fur Seals SCHOOLS,Springfish Bats SCH,8 Musician wren NORTH AVE,Primary
Spotted puffbird macaco-prego COUNTY SCHOOLS,"Grouper Wild Ass CETR, ELEM",60 Tufted coquette NORTH AVE,Primary
Spotted puffbird macaco-prego COUNTY SCHOOLS,Grouper Sharpe's Grysbok ELEMENTARY SCHOOL,50 Spangled cotinga WAY,Primary
Spotted puffbird macaco-prego COUNTY SCHOOLS,Bigscale King Cheetah MIDDLE SCHOOL,76 Green-tailed goldenthroat STREET,Middle
Spotted puffbird macaco-prego COUNTY SCHOOLS,Bigscale Wild Ass SENIOR HIGH,26 Black-faced tanager NORTH AVE,High
Spotted puffbird macaco-prego COUNTY SCHOOLS,Bigscale Sharpe's Grysbok SCH,73 Guianan red cotinga AVE,Other
Spotted puffbird macaco-prego COUNTY SCHOOLS,Tilapia King Cheetah SCH,1 Paradise tanager SOUTH AVE,Other
Spotted puffbird macaco-prego COUNTY SCHOOLS,Tilapia Wild Ass SCH,44 Screaming piha SOUTH AVE,Other
Spotted puffbird macaco-prego COUNTY SCHOOLS,Tilapia Sharpe's Grysbok SCHOOL,20 Tepui greenlet ROAD,Other
Spotted puffbird Asian Small-clawed Otter COUNTY SCHOOLS,Eel-goby Ring-tailed Possum ELEM,5 Long-tailed hermit WAY,Primary
Spotted puffbird cachorro-do-mato SCHOOLS,"Sabertooth fish Cougar CETR, ELEM",9 Blue-cheeked parrot WAY,Primary
Spotted puffbird Prevost's Squirrel PUBLIC SHCOOLS,"Candiru Cyprus Bull CETR, ELEM",1 Lesson's seedeater WAY,Primary
Spotted puffbird Marmoset SCHOOLS,Ganges shark Pygmy Marmoset ELEMENTARY,5 Waved woodpecker NORTH AVE,Primary
Spotted puffbird Florida Manatee PUBLIC SHCOOLS,Longfin escolar Pilot Whales ELEM,7 Scale-backed Antbird NORTH AVE,Primary
Spotted puffbird Least Pygmy Squirrel SCHOOL DISTRICT,Orangestriped triggerfish Bushpig EL SCH,6 Pygmy kingfisher AVE,Primary
Spotted puffbird Sonoma Tree Vole SCHOOLS,Man-of-war fish Hoary Marmot ELEMENTARY SCHOOL,2 Tropical mockingbird STREET,Primary
Spotted puffbird Sonoma Tree Vole SCHOOLS,Man-of-war fish Vaca Brava SCHOOL,19 Guira tanager ROAD,Other
Spotted puffbird Cozumel PUBLIC SHCOOLS,Mudskipper African Elephants CTR,4 Snowy egret WAY,Primary
Spotted puffbird Pig-tailed Macaque SD,"Alfonsino Topi CETR, ELEM",9 Aplomado falcon ROAD,Primary
Spotted puffbird Tapir young PUBLIC SHCOOLS,Walking catfish Merriam's Chipmunk SCH,8 Violaceous euphonia ROAD,Primary
Spotted puffbird Golden Bamboo Lemur SCHOOLS,Anchovy Long-nosed Bat COMMUNITY MIDDLE,14 Cinnamon attila WAY,Middle
Spotted puffbird Golden Bamboo Lemur SCHOOLS,Anchovy Eastern Quoll HIGH SCHOOL,39 Striped owl NORTH AVE,High
Spotted puffbird Golden Bamboo Lemur SCHOOLS,Frogfish Long-nosed Bat SCH,37 Scaled pigeon AVE,Other
Spotted puffbird Golden Bamboo Lemur SCHOOLS,Frogfish Eastern Quoll SCHOOL,19 Hudsonian godwit ROAD,Other
Green aracari Groundhog SD,Chum salmon Desert Cavy CHILDHOOD CENTER,39 Zone-tailed hawk SOUTH AVE,Primary
Green aracari Groundhog SD,Dhufish Panamint Kangaroo Rat INTERMEDIATE SCHOOL,13 Black nunbird STREET,Middle
Green aracari Groundhog SD,Dhufish Grevy's Zebra HIGH SCH,40 Red-and-green macaw NORTH AVE,High
Green aracari Groundhog SD,Dhufish Desert Cavy SCH,36 Crested bobwhite AVE,Other
Green aracari Groundhog SD,Rudderfish Panamint Kangaroo Rat SCH,59 Cayenne jay AVE,Other
Green aracari Groundhog SD,Rudderfish Grevy's Zebra SCH,18 Stilt sandpiper ROAD,Other
Green aracari Groundhog SD,Rudderfish Desert Cavy SCH,48 Sanderling STREET,Other
Green aracari Red-tailed Squirrel DISTRICT,Lefteye flounder Brahman Cattle ELEM,5 Ruddy quail-dove WAY,Primary
Green aracari Antarctic Fur Seals PUBLIC SHCOOLS,Sauger Mink Track SCH,8 Chestnut-fronted macaw NORTH AVE,Primary
Green aracari macaco-prego SD,Redfish Steenbok CTR,36 Stilt sandpiper NORTH AVE,Primary
Green aracari macaco-prego SD,Redfish Cape Hare MIDDLE SCHOOL,1 Long-tailed hermit ROAD,Middle
Green aracari macaco-prego SD,Redfish Chital Deer HIGH SCH,24 Little chachalaca SOUTH AVE,High
Green aracari macaco-prego SD,Glassfish Steenbok SCHOOL,41 Green-throated mango ROAD,Other
Green aracari macaco-prego SD,Glassfish Cape Hare SCHOOL,39 Short-tailed pygmy-tyrant STREET,Other
Green aracari macaco-prego SD,Glassfish Chital Deer SCH,2 Bay-headed tanager STREET,Other
Green aracari Asian Small-clawed Otter SD,"Freshwater shark Captive CETR, ELEM",43 Streaked antwren AVE,Primary
Green aracari Asian Small-clawed Otter SD,Broadband dogfish Saiga JR MIDDLE,68 Thrush-like manakin SOUTH AVE,Middle
Green aracari Asian Small-clawed Otter SD,Broadband dogfish Eastern Chipmunk SENIOR HIGH,42 Least sandpiper ROAD,High
Green aracari Asian Small-clawed Otter SD,Broadband dogfish Captive SCH,40 Solitary sandpiper WAY,Other
Green aracari Asian Small-clawed Otter SD,Sea bream Saiga SCHOOL,62 Warbling antwren STREET,Other
Green aracari Asian Small-clawed Otter SD,Sea bream Eastern Chipmunk SCHOOL,17 Waved woodpecker SOUTH AVE,Other
Green aracari Asian Small-clawed Otter SD,Sea bream Captive SCHOOL,6 Common snipe AVE,Other
Green aracari cachorro-do-mato COUNTY SCHOOLS,Bat ray Big-eared Woolly Bat PRIMARY,1 Great horned owl NORTH AVE,Primary
Green aracari Prevost's Squirrel SCHOOLS,"Gianttail Small Indian Mongoose CETR, ELEM",3 Little cuckoo ROAD,Primary
Green aracari Marmoset SCHOOL DISTRICT,Triplespine Banteng ELEMENTARY,7 Wood stork STREET,Primary
Green aracari Florida Manatee DISTRICT,Grunt sculpin Wood Mouse SCH,4 Purple martin WAY,Primary
Green aracari Least Pygmy Squirrel PUBLIC SHCOOLS,Cutthroat trout Black-footed Ferret MS,23 Bank swallow AVE,Middle
Green aracari Least Pygmy Squirrel PUBLIC SHCOOLS,Cutthroat trout Mountain Lion SENIOR HIGH,38 Long-tailed tyrant AVE,High
Green aracari Least Pygmy Squirrel PUBLIC SHCOOLS,Dusky grouper Black-footed Ferret SCH,25 Yellow-throated spinetail ROAD,Other
Green aracari Least Pygmy Squirrel PUBLIC SHCOOLS,Dusky grouper Mountain Lion SCH,13 Black-headed antbird WAY,Other
Green aracari Sonoma Tree Vole DISTRICT,Long-whiskered catfish Malayan Sun Bear SCH,16 Cocoa thrush WAY,Primary
Green aracari Sonoma Tree Vole DISTRICT,Long-whiskered catfish Mountain Pocket Gopher SCH,5 Striated heron STREET,Other
Green aracari Cozumel SCHOOLS,Monkfish Southern Greater Kudu CTR,3 Tropical parula WAY,Primary
Green aracari Pig-tailed Macaque SD,Weeverfish Hoary Marmot PRIMARY,1 Tropical mockingbird ROAD,Primary
Green aracari Tapir young DISTRICT,Peacock flounder Oso Negro EL SCH,3 Orange-winged parrot STREET,Primary
Green aracari Golden Bamboo Lemur COUNTY SCHOOLS,Rattail Maral Red Deer JUNIOR HIGH,13 Pied water-tyrant ROAD,Middle
Green aracari Golden Bamboo Lemur COUNTY SCHOOLS,Rattail Persian Onager SENIOR HIGH,36 Chestnut-fronted macaw ROAD,High
Green aracari Golden Bamboo Lemur COUNTY SCHOOLS,Sandfish Maral Red Deer SCHOOL,31 Harpy eagle ROAD,Other
Green aracari Golden Bamboo Lemur COUNTY SCHOOLS,Sandfish Persian Onager SCHOOL,5 Tiny hawk SOUTH AVE,Other
Pinnated bittern Groundhog SD,Cavefish Ring-tailed Possum EL SCH,6 Whimbrel NORTH AVE,Primary
Pinnated bittern Groundhog SD,Cavefish Honey Badger SCH,16 Common ground-dove AVE,Other
Pinnated bittern Red-tailed Squirrel SCHOOLS,Chum salmon Heermann Kangaroo Rat ELEM,5 Striped owl ROAD,Primary
Pinnated bittern Antarctic Fur Seals COUNTY SCHOOLS,Beaked salmon Big Brown Bats EL SCH,6 Dusky parrot SOUTH AVE,Primary
Pinnated bittern macaco-prego COUNTY SCHOOLS,Dorado Sheep feral CTR,22 Red-and-green macaw NORTH AVE,Primary
Pinnated bittern macaco-prego COUNTY SCHOOLS,Blue eye South American Coati SCH,5 Black-collared hawk ROAD,Other
Pinnated bittern macaco-prego COUNTY SCHOOLS,Blue eye Sheep feral SCHOOL,18 Fasciated antshrike SOUTH AVE,Other
Pinnated bittern Asian Small-clawed Otter SCHOOLS,Mudsucker Westerm Yellow Bat ELEMENTARY SCHOOL,2 Red-necked woodpecker ROAD,Primary
Pinnated bittern Asian Small-clawed Otter SCHOOLS,Mudsucker Northern Short-tailed Shrew ELEM,63 Common stilt AVE,Primary
Pinnated bittern Asian Small-clawed Otter SCHOOLS,Mudsucker Fennec Fox JUNIOR HIGH,83 Ruddy pigeon AVE,Middle
Pinnated bittern Asian Small-clawed Otter SCHOOLS,Mudsucker Northern Sea Lion JUNIOR HIGH,73 Spix's guan ROAD,Middle
Pinnated bittern Asian Small-clawed Otter SCHOOLS,Barramundi Westerm Yellow Bat HIGH SCHOOL,78 Capped heron SOUTH AVE,High
Pinnated bittern Asian Small-clawed Otter SCHOOLS,Barramundi Northern Short-tailed Shrew HIGH,110 Swallow-wing NORTH AVE,High
Pinnated bittern Asian Small-clawed Otter SCHOOLS,Barramundi Fennec Fox SCH,117 Black curassow AVE,Other
Pinnated bittern Asian Small-clawed Otter SCHOOLS,Barramundi Northern Sea Lion SCH,36 Grey-headed kite ROAD,Other
Pinnated bittern Asian Small-clawed Otter SCHOOLS,Blobfish Westerm Yellow Bat SCHOOL,112 Grey(-lined) hawk AVE,Other
Pinnated bittern Asian Small-clawed Otter SCHOOLS,Blobfish Northern Short-tailed Shrew SCHOOL,77 Peach-fronted parakeet STREET,Other
Pinnated bittern Asian Small-clawed Otter SCHOOLS,Blobfish Fennec Fox SCHOOL,45 Grey-headed tanager AVE,Other
Pinnated bittern Asian Small-clawed Otter SCHOOLS,Blobfish Northern Sea Lion SCHOOL,92 White-breasted woodwren SOUTH AVE,Other
Pinnated bittern cachorro-do-mato PUBLIC SHCOOLS,Dorab Asian Elephant SCH,55 Black-tailed tityra ROAD,Primary
Pinnated bittern cachorro-do-mato PUBLIC SHCOOLS,Dorab West European Hedgehog MIDDLE SCHOOL,38 Painted parakeet WAY,Middle
Pinnated bittern cachorro-do-mato PUBLIC SHCOOLS,Dorab Crabeater Seal INTERMEDIATE SCHOOL,70 White-tailed kite STREET,Middle
Pinnated bittern cachorro-do-mato PUBLIC SHCOOLS,Jack Sumatra Tiger HIGH SCH,23 White-ringed flycatcher STREET,High
Pinnated bittern cachorro-do-mato PUBLIC SHCOOLS,Jack Asian Elephant HS,54 Greater yellowlegs WAY,High
Pinnated bittern cachorro-do-mato PUBLIC SHCOOLS,Jack West European Hedgehog SCH,84 Savanna hawk STREET,Other
Pinnated bittern cachorro-do-mato PUBLIC SHCOOLS,Jack Crabeater Seal SCHOOL,27 Laughing gull AVE,Other
Pinnated bittern cachorro-do-mato PUBLIC SHCOOLS,Escolar Sumatra Tiger SCHOOL,74 Mouse-colored antshrike NORTH AVE,Other
Pinnated bittern cachorro-do-mato PUBLIC SHCOOLS,Escolar Asian Elephant SCH,106 Toco toucan WAY,Other
Pinnated bittern cachorro-do-mato PUBLIC SHCOOLS,Escolar West European Hedgehog SCHOOL,10 White-crowned manakin WAY,Other
Pinnated bittern cachorro-do-mato PUBLIC SHCOOLS,Escolar Crabeater Seal SCH,20 White-banded swallow NORTH AVE,Other
Pinnated bittern Prevost's Squirrel SCHOOLS,"Bristlemouth Tayra CETR, ELEM",2 Oilbird SOUTH AVE,Primary
Pinnated bittern Marmoset SCHOOLS,Torpedo Rothschild's Giraffe CTR,58 Anhinga SOUTH AVE,Primary
Pinnated bittern Marmoset SCHOOLS,Torpedo Pichiciego PRIMARY,14 Rufescent tiger-heron ROAD,Primary
Pinnated bittern Marmoset SCHOOLS,Common carp Slender Mongoose JUNIOR HIGH,5 Brown-chested martin ROAD,Middle
Pinnated bittern Marmoset SCHOOLS,Common carp Rothschild's Giraffe HIGH SCHOOL,57 Great jacamar AVE,High
Pinnated bittern Marmoset SCHOOLS,Common carp Pichiciego SCH,78 Stilt sandpiper STREET,Other
Pinnated bittern Marmoset SCHOOLS,Minnow Slender Mongoose SCH,67 White-chinned sapphire AVE,Other
Pinnated bittern Marmoset SCHOOLS,Minnow Rothschild's Giraffe SCHOOL,32 Great horned owl SOUTH AVE,Other
Pinnated bittern Marmoset SCHOOLS,Minnow Pichiciego SCH,8 Red-throated caracara NORTH AVE,Other
Pinnated bittern Florida Manatee SCHOOLS,Sind danio Howler Monkey ELEMENTARY,105 Cayenne tern AVE,Primary
Pinnated bittern Florida Manatee SCHOOLS,Sind danio Slender Mongoose ELEM,95 Mouse-colored tyrannulet SOUTH AVE,Primary
Pinnated bittern Florida Manatee SCHOOLS,Porgy Verraux's Sifaka ELEM,102 Bank swallow NORTH AVE,Primary
Pinnated bittern Florida Manatee SCHOOLS,Porgy Horses JUNIOR HIGH,36 White-necked heron NORTH AVE,Middle
Pinnated bittern Florida Manatee SCHOOLS,Porgy Chillingham Wild Cattle JUNIOR HIGH,165 Northern scrub flycatcher AVE,Middle
Pinnated bittern Florida Manatee SCHOOLS,Porgy Howler Monkey MIDDLE,33 House sparrow STREET,Middle
Pinnated bittern Florida Manatee SCHOOLS,Porgy Slender Mongoose HIGH SCHOOL,79 Tiny hawk AVE,High
Pinnated bittern Florida Manatee SCHOOLS,Weasel shark Verraux's Sifaka SENIOR HIGH,61 Snail kite WAY,High
Pinnated bittern Florida Manatee SCHOOLS,Weasel shark Horses HIGH SCHOOL,3 Blackish nightjar NORTH AVE,High
Pinnated bittern Florida Manatee SCHOOLS,Weasel shark Chillingham Wild Cattle SCH,47 Spotted tody-flycatcher ROAD,Other
Pinnated bittern Florida Manatee SCHOOLS,Weasel shark Howler Monkey SCH,130 Common ground-dove STREET,Other
Pinnated bittern Florida Manatee SCHOOLS,Weasel shark Slender Mongoose SCH,4 Swallow-tanager ROAD,Other
Pinnated bittern Florida Manatee SCHOOLS,Opah Verraux's Sifaka SCH,80 Bronzy jacamar AVE,Other
Pinnated bittern Florida Manatee SCHOOLS,Opah Horses SCH,44 Tropical gnatcatcher WAY,Other
Pinnated bittern Florida Manatee SCHOOLS,Opah Chillingham Wild Cattle SCH,57 Carib grackle ROAD,Other
Pinnated bittern Florida Manatee SCHOOLS,Opah Howler Monkey SCH,129 Short-tailed swift NORTH AVE,Other
Pinnated bittern Florida Manatee SCHOOLS,Opah Slender Mongoose SCH,151 Great jacamar STREET,Other
Pinnated bittern Least Pygmy Squirrel SD,Crucian carp Solomon Sheathtail Bat ELEM,40 Green ibis WAY,Primary
Pinnated bittern Least Pygmy Squirrel SD,"Pearlfish Blacktailed Jackrabbit CETR, ELEM",110 Little chachalaca ROAD,Primary
Pinnated bittern Least Pygmy Squirrel SD,Pearlfish American Black Bear ELEMENTARY SCHOOL,24 Black vulture WAY,Primary
Pinnated bittern Least Pygmy Squirrel SD,Pearlfish Vervet Monkey MIDDLE,59 Striated heron WAY,Middle
Pinnated bittern Least Pygmy Squirrel SD,Pearlfish Solomon Sheathtail Bat JUNIOR HIGH,26 Blue-black grassquit AVE,Middle
Pinnated bittern Least Pygmy Squirrel SD,Electric ray Blacktailed Jackrabbit HIGH,48 Red-crested finch NORTH AVE,High
Pinnated bittern Least Pygmy Squirrel SD,Electric ray American Black Bear SENIOR HIGH,97 White-cheeked pintail WAY,High
Pinnated bittern Least Pygmy Squirrel SD,Electric ray Vervet Monkey SCH,35 Paradise tanager ROAD,Other
Pinnated bittern Least Pygmy Squirrel SD,Electric ray Solomon Sheathtail Bat SCH,121 Streaked flycatcher SOUTH AVE,Other
Pinnated bittern Least Pygmy Squirrel SD,Flying characin Blacktailed Jackrabbit SCHOOL,42 Squirrel cuckoo AVE,Other
Pinnated bittern Least Pygmy Squirrel SD,Flying characin American Black Bear SCHOOL,83 Capuchin bird WAY,Other
Pinnated bittern Least Pygmy Squirrel SD,Flying characin Vervet Monkey SCH,56 Wood stork WAY,Other
Pinnated bittern Least Pygmy Squirrel SD,Flying characin Solomon Sheathtail Bat SCHOOL,20 Pale-breasted thrush NORTH AVE,Other
Pinnated bittern Sonoma Tree Vole SD,Armored gurnard Southern Mountain Cavy INTERMEDIATE SCHOOL,11 Scarlet ibis ROAD,Middle
Pinnated bittern Sonoma Tree Vole SD,Armored gurnard Wildebeeste HIGH SCHOOL,37 White-necked puffbird SOUTH AVE,High
Pinnated bittern Sonoma Tree Vole SD,Blue eye Southern Mountain Cavy SCHOOL,34 Greater yellowlegs SOUTH AVE,Other
Pinnated bittern Sonoma Tree Vole SD,Blue eye Wildebeeste SCH,17 Lineated woodpecker ROAD,Other
Pinnated bittern Cozumel SCHOOLS,Boga Three-toed Tree Sloth CTR,37 Ruddy ground-dove NORTH AVE,Primary
Pinnated bittern Cozumel SCHOOLS,Boga Mole Rat JUNIOR HIGH,45 Bananaquit ROAD,Middle
Pinnated bittern Cozumel SCHOOLS,Boga Rabbit INTERMEDIATE SCHOOL,8 Spot-breasted woodpecker ROAD,Middle
Pinnated bittern Cozumel SCHOOLS,Alooh Three-toed Tree Sloth HIGH,41 Blue-black grosbeak NORTH AVE,High
Pinnated bittern Cozumel SCHOOLS,Alooh Mole Rat HIGH SCH,81 Campo flicker NORTH AVE,High
Pinnated bittern Cozumel SCHOOLS,Alooh Rabbit SCH,27 Black vulture NORTH AVE,Other
Pinnated bittern Cozumel SCHOOLS,Goblin shark Three-toed Tree Sloth SCHOOL,17 Grey-breasted crake NORTH AVE,Other
Pinnated bittern Cozumel SCHOOLS,Goblin shark Mole Rat SCH,59 White woodpecker ROAD,Other
Pinnated bittern Cozumel SCHOOLS,Goblin shark Rabbit SCHOOL,46 Tropical parula AVE,Other
Pinnated bittern Pig-tailed Macaque SCHOOL DISTRICT,Lyretail Wild Burro ELEMENTARY SCHOOL,5 Green heron SOUTH AVE,Primary
Pinnated bittern Tapir young SD,"Grouper Ground Squirrel CETR, ELEM",2 Wattled jacana ROAD,Primary
Pinnated bittern Golden Bamboo Lemur DISTRICT,Beachsalmon Saiga CTR,31 Streaked antwren AVE,Primary
Pinnated bittern Golden Bamboo Lemur DISTRICT,Beachsalmon Ground Squirrel MIDDLE,20 White-ringed flycatcher ROAD,Middle
Pinnated bittern Golden Bamboo Lemur DISTRICT,Cowfish Wolverine HIGH,33 Pale-bellied mourner SOUTH AVE,High
Pinnated bittern Golden Bamboo Lemur DISTRICT,Cowfish Saiga SCH,5 Cinnamon attila NORTH AVE,Other
Pinnated bittern Golden Bamboo Lemur DISTRICT,Cowfish Ground Squirrel SCH,1 White-fringed antwren ROAD,Other
Short-tailed swift Groundhog SCHOOLS,Gouramie Klipspringer CTR,1 White-tailed hawk SOUTH AVE,Primary
Short-tailed swift Red-tailed Squirrel DISTRICT,"Riffle dace mono-carvoeiro CETR, ELEM",48 Swallow-tailed kite NORTH AVE,Primary
Short-tailed swift Red-tailed Squirrel DISTRICT,Riffle dace Lowland Anoa MS,15 Black-headed gull NORTH AVE,Middle
Short-tailed swift Red-tailed Squirrel DISTRICT,Tommy ruff Townsend Chipmunk HIGH SCH,16 Golden-winged parakeet ROAD,High
Short-tailed swift Red-tailed Squirrel DISTRICT,Tommy ruff mono-carvoeiro SCH,22 Double-toothed kite ROAD,Other
Short-tailed swift Red-tailed Squirrel DISTRICT,Tommy ruff Lowland Anoa SCHOOL,21 Ruddy-breasted seedeater STREET,Other
Short-tailed swift Antarctic Fur Seals SD,Common tunny Orangutans SCH,"4 Common gallinule, Moorhen STREET",Primary
Short-tailed swift macaco-prego COUNTY SCHOOLS,Sea raven Orca EL SCH,3 Pale-vented pigeon STREET,Primary
Short-tailed swift Asian Small-clawed Otter SD,"Armorhead Castor Americano CETR, ELEM",2 Orange-breasted falcon AVE,Primary
Short-tailed swift cachorro-do-mato SCHOOL DISTRICT,Vimba Dwarf Cuye CHILDHOOD CENTER,25 Bananaquit SOUTH AVE,Primary
Short-tailed swift cachorro-do-mato SCHOOL DISTRICT,Vimba Tree Squirrel MS,7 Black-tailed trogon NORTH AVE,Middle
Short-tailed swift cachorro-do-mato SCHOOL DISTRICT,Dealfish Limpopo Bushbuck HIGH SCHOOL,15 Bare-eyed thrush AVE,High
Short-tailed swift cachorro-do-mato SCHOOL DISTRICT,Dealfish Dwarf Cuye SCH,42 Pale-breasted thrush AVE,Other
Short-tailed swift cachorro-do-mato SCHOOL DISTRICT,Dealfish Tree Squirrel SCHOOL,16 Guira tanager ROAD,Other
Short-tailed swift Prevost's Squirrel COUNTY SCHOOLS,Aruana Potoroo EL SCH,12 Large-billed seed-finch STREET,Primary
Short-tailed swift Prevost's Squirrel COUNTY SCHOOLS,Aruana Northern Grasshopper Mouse ELEM,76 Chestnut-fronted macaw STREET,Primary
Short-tailed swift Prevost's Squirrel COUNTY SCHOOLS,Staghorn sculpin Eastern Giant Eland MIDDLE SCHOOL,40 Royal tern SOUTH AVE,Middle
Short-tailed swift Prevost's Squirrel COUNTY SCHOOLS,Staghorn sculpin Potoroo HIGH SCHOOL,26 Red-bellied macaw NORTH AVE,High
Short-tailed swift Prevost's Squirrel COUNTY SCHOOLS,Staghorn sculpin Northern Grasshopper Mouse SCHOOL,51 Southern martin SOUTH AVE,Other
Short-tailed swift Prevost's Squirrel COUNTY SCHOOLS,Luminous hake Eastern Giant Eland SCHOOL,52 Maguari stork AVE,Other
Short-tailed swift Prevost's Squirrel COUNTY SCHOOLS,Luminous hake Potoroo SCH,18 Wilson's plover NORTH AVE,Other
Short-tailed swift Prevost's Squirrel COUNTY SCHOOLS,Luminous hake Northern Grasshopper Mouse SCH,4 Tropical screech-owl STREET,Other
Short-tailed swift Marmoset DISTRICT,Tripod fish Baird's Tapir COMMUNITY MIDDLE,36 Grey-headed kite SOUTH AVE,Middle
Short-tailed swift Marmoset DISTRICT,Tripod fish Golden Bamboo Lemur HIGH,10 Peach-fronted parakeet NORTH AVE,High
Short-tailed swift Marmoset DISTRICT,Zebra pleco Baird's Tapir SCH,38 Crested oropendola NORTH AVE,Other
Short-tailed swift Marmoset DISTRICT,Zebra pleco Golden Bamboo Lemur SCH,34 Tiny tyrant-manakin STREET,Other
Short-tailed swift Florida Manatee DISTRICT,Carp Springbok ELEMENTARY,9 Green-throated mango WAY,Primary
Short-tailed swift Least Pygmy Squirrel PUBLIC SHCOOLS,Port Jackson shark Grant's Zebra ELEMENTARY,8 Bat falcon STREET,Primary
Short-tailed swift Sonoma Tree Vole DISTRICT,Northern clingfish Patagonian Cavy PRIMARY,11 Fork-tailed flycatcher WAY,Primary
Short-tailed swift Sonoma Tree Vole DISTRICT,Deep sea bonefish Uinta Ground Squirrel SCH,13 Plumbeous kite STREET,Other
Short-tailed swift Sonoma Tree Vole DISTRICT,Deep sea bonefish Patagonian Cavy SCHOOL,12 Little chachalaca STREET,Other
Short-tailed swift Cozumel DISTRICT,Round stingray Gray Whale PRIMARY,104 Pygmy kingfisher WAY,Primary
Short-tailed swift Cozumel DISTRICT,Round stingray Badger captive CHILDHOOD CENTER,108 Striated heron SOUTH AVE,Primary
Short-tailed swift Cozumel DISTRICT,jella Six-banded Armadillo CHILDHOOD CENTER,105 Dusky-chested flycatcher WAY,Primary
Short-tailed swift Cozumel DISTRICT,jella Pallid Bats COMMUNITY MIDDLE,54 Royal tern ROAD,Middle
Short-tailed swift Cozumel DISTRICT,jella Gray Whale INTERMEDIATE SCHOOL,119 Plain-crowned spinetail ROAD,Middle
Short-tailed swift Cozumel DISTRICT,jella Badger captive HIGH,128 Red-bellied macaw AVE,High
Short-tailed swift Cozumel DISTRICT,Pleco Six-banded Armadillo HS,86 Ruddy quail-dove NORTH AVE,High
Short-tailed swift Cozumel DISTRICT,Pleco Pallid Bats SCH,81 Black-headed antbird NORTH AVE,Other
Short-tailed swift Cozumel DISTRICT,Pleco Gray Whale SCHOOL,12 Ringed kingfisher SOUTH AVE,Other
Short-tailed swift Cozumel DISTRICT,Pleco Badger captive SCHOOL,20 Golden-olive woodpecker ROAD,Other
Short-tailed swift Cozumel DISTRICT,Thornfish Six-banded Armadillo SCH,7 Piratic flycatcher ROAD,Other
Short-tailed swift Cozumel DISTRICT,Thornfish Pallid Bats SCHOOL,87 Red-and-green macaw ROAD,Other
Short-tailed swift Cozumel DISTRICT,Thornfish Gray Whale SCHOOL,92 Short-tailed pygmy-tyrant ROAD,Other
Short-tailed swift Cozumel DISTRICT,Thornfish Badger captive SCH,21 Russet-crowned crake ROAD,Other
Short-tailed swift Pig-tailed Macaque DISTRICT,"Goosefish Masai Giraffe CETR, ELEM",9 Streaked flycatcher NORTH AVE,Primary
Short-tailed swift Tapir young COUNTY SCHOOLS,Eucla cod Rufous Bettong PRIMARY,5 Purple honeycreeper STREET,Primary
Short-tailed swift Golden Bamboo Lemur COUNTY SCHOOLS,Redhorse sucker Olympic Marmot CTR,5 Musician wren SOUTH AVE,Primary
Anhinga Groundhog SCHOOLS,Pacific hake Blacktailed Jackrabbit ELEM,13 White-necked thrush AVE,Primary
Anhinga Groundhog SCHOOLS,Pacific hake Northern Grasshopper Mouse SCHOOL,7 Buff-throated saltator AVE,Other
Anhinga Red-tailed Squirrel SD,Creek chub Galapagos Sea Lion SCH,84 Grey-fronted dove AVE,Primary
Anhinga Red-tailed Squirrel SD,Creek chub Manatee Cow And Calf MS,77 Eastern meadowlark AVE,Middle
Anhinga Red-tailed Squirrel SD,Ziege Red Fox COMMUNITY MIDDLE,95 Large-billed seed-finch STREET,Middle
Anhinga Red-tailed Squirrel SD,Ziege Grant's Caribou HIGH,75 Tropical parula NORTH AVE,High
Anhinga Red-tailed Squirrel SD,Ziege Galapagos Sea Lion HIGH,37 Red-billed pied-tanager WAY,High
Anhinga Red-tailed Squirrel SD,Ziege Manatee Cow And Calf SCHOOL,96 Blue-tailed emerald AVE,Other
Anhinga Red-tailed Squirrel SD,Sea toad Red Fox SCHOOL,19 Guianan toucanet SOUTH AVE,Other
Anhinga Red-tailed Squirrel SD,Sea toad Grant's Caribou SCH,7 Painted parakeet STREET,Other
Anhinga Red-tailed Squirrel SD,Sea toad Galapagos Sea Lion SCHOOL,3 Rufous-breasted hermit WAY,Other
Anhinga Red-tailed Squirrel SD,Sea toad Manatee Cow And Calf SCH,22 Rufescent tiger-heron NORTH AVE,Other
Anhinga Antarctic Fur Seals SCHOOL DISTRICT,"Banded killifish Sulawesi Macaque CETR, ELEM",1 Blue-and-yellow macaw NORTH AVE,Primary
Anhinga macaco-prego SD,Porcupinefish Antelope Squirrels CHILDHOOD CENTER,8 Ruddy-breasted seedeater STREET,Primary
Anhinga Asian Small-clawed Otter SCHOOL DISTRICT,Sand knifefish Reticulated Giraffe CHILDHOOD CENTER,18 Chestnut-bellied seedeater NORTH AVE,Primary
Anhinga Asian Small-clawed Otter SCHOOL DISTRICT,Japanese eel Silver-backed Jackal SCHOOL,12 Brown-crested flycatcher NORTH AVE,Other
Anhinga Asian Small-clawed Otter SCHOOL DISTRICT,Japanese eel Reticulated Giraffe SCHOOL,1 Northern scrub flycatcher STREET,Other
Anhinga cachorro-do-mato DISTRICT,Northern lampfish California Gray Whale SCH,8 Tiny tyrant-manakin SOUTH AVE,Primary
Anhinga Prevost's Squirrel PUBLIC SHCOOLS,Ribbon eel Eastern Giant Eland EL SCH,7 Collared puffbird AVE,Primary
Anhinga Marmoset SCHOOLS,Spadefish Mauritian Flying Fox CTR,15 Brown-chested martin WAY,Primary
Anhinga Marmoset SCHOOLS,Spadefish European Rabbit MIDDLE SCHOOL,45 White-crowned manakin STREET,Middle
Anhinga Marmoset SCHOOLS,Flying gurnard Northern Elephant Seal Pup HIGH SCH,44 Spot-tailed nightjar NORTH AVE,High
Anhinga Marmoset SCHOOLS,Flying gurnard Mauritian Flying Fox SCHOOL,28 Swallow-wing AVE,Other
Anhinga Marmoset SCHOOLS,Flying gurnard European Rabbit SCHOOL,16 Common tody-flycatcher ROAD,Other
Anhinga Florida Manatee SCHOOL DISTRICT,Pearleye Hopi Chipmunk CHILDHOOD CENTER,4 Streaked flycatcher NORTH AVE,Primary
Anhinga Least Pygmy Squirrel SCHOOLS,Catfish Uinta Ground Squirrel CTR,9 Chestnut-fronted macaw STREET,Primary
Anhinga Sonoma Tree Vole COUNTY SCHOOLS,Deep sea smelt Jack Rabbits ELEM,6 Solitary sandpiper SOUTH AVE,Primary
Anhinga Cozumel PUBLIC SHCOOLS,Bass Blackfish ELEM,8 Barn owl SOUTH AVE,Primary
Anhinga Pig-tailed Macaque SD,"Whitefish Kafue Lechwe CETR, ELEM",40 Yellow-green grosbeak STREET,Primary
Anhinga Pig-tailed Macaque SD,Whitefish Brown Rat COMMUNITY MIDDLE,100 American kestrel WAY,Middle
Anhinga Pig-tailed Macaque SD,Whitefish Northern Sea Elephant COMMUNITY MIDDLE,88 Long-tailed hermit NORTH AVE,Middle
Anhinga Pig-tailed Macaque SD,Eelpout Snowshoe Rabbit SENIOR HIGH,64 White-flanked antwren NORTH AVE,High
Anhinga Pig-tailed Macaque SD,Eelpout Kafue Lechwe SENIOR HIGH,6 Osprey ROAD,High
Anhinga Pig-tailed Macaque SD,Eelpout Brown Rat SCH,87 Screaming piha SOUTH AVE,Other
Anhinga Pig-tailed Macaque SD,Eelpout Northern Sea Elephant SCH,62 Scarlet macaw NORTH AVE,Other
Anhinga Pig-tailed Macaque SD,Giant gourami Snowshoe Rabbit SCH,45 Little hermit NORTH AVE,Other
Anhinga Pig-tailed Macaque SD,Giant gourami Kafue Lechwe SCH,56 Collared plover WAY,Other
Anhinga Pig-tailed Macaque SD,Giant gourami Brown Rat SCHOOL,24 White-throated toucan AVE,Other
Anhinga Pig-tailed Macaque SD,Giant gourami Northern Sea Elephant SCHOOL,17 Violaceous euphonia STREET,Other
Anhinga Tapir young DISTRICT,Atlantic herring Vinta Ground Squirrel CTR,5 Crested caracara SOUTH AVE,Primary
Anhinga Golden Bamboo Lemur SCHOOLS,Luderick Least Chipmunk ELEM,25 Ringed woodpecker NORTH AVE,Primary
Anhinga Golden Bamboo Lemur SCHOOLS,Luderick Cape Mountain Zebra CHILDHOOD CENTER,26 Lesser yellowlegs AVE,Primary
Anhinga Golden Bamboo Lemur SCHOOLS,Luderick Grizzly Bear EL SCH,41 Variegated flycatcher STREET,Primary
Anhinga Golden Bamboo Lemur SCHOOLS,Tarwhine Chincoteague Ponies INTERMEDIATE SCHOOL,57 Red-bellied macaw ROAD,Middle
Anhinga Golden Bamboo Lemur SCHOOLS,Tarwhine Cape Eland INTERMEDIATE SCHOOL,116 White-chinned sapphire SOUTH AVE,Middle
Anhinga Golden Bamboo Lemur SCHOOLS,Tarwhine Least Chipmunk MS,169 Short-tailed pygmy-tyrant NORTH AVE,Middle
Anhinga Golden Bamboo Lemur SCHOOLS,Tarwhine Cape Mountain Zebra HIGH SCH,97 Burrowing owl SOUTH AVE,High
Anhinga Golden Bamboo Lemur SCHOOLS,Tarwhine Grizzly Bear SENIOR HIGH,15 Rufous-browed peppershrike ROAD,High
Anhinga Golden Bamboo Lemur SCHOOLS,Ghost flathead Chincoteague Ponies HIGH SCHOOL,171 Plain-breasted ground-dove NORTH AVE,High
Anhinga Golden Bamboo Lemur SCHOOLS,Ghost flathead Cape Eland SCHOOL,127 Common ground-dove SOUTH AVE,Other
Anhinga Golden Bamboo Lemur SCHOOLS,Ghost flathead Least Chipmunk SCHOOL,163 Tropical gnatcatcher NORTH AVE,Other
Anhinga Golden Bamboo Lemur SCHOOLS,Ghost flathead Cape Mountain Zebra SCH,10 Yellow-tufted woodpecker ROAD,Other
Anhinga Golden Bamboo Lemur SCHOOLS,Ghost flathead Grizzly Bear SCHOOL,32 American flamingo AVE,Other
Anhinga Golden Bamboo Lemur SCHOOLS,Mustard eel Chincoteague Ponies SCH,58 White-tailed hawk WAY,Other
Anhinga Golden Bamboo Lemur SCHOOLS,Mustard eel Cape Eland SCHOOL,95 Common tody-flycatcher SOUTH AVE,Other
Anhinga Golden Bamboo Lemur SCHOOLS,Mustard eel Least Chipmunk SCHOOL,146 Blackish antbird WAY,Other
Anhinga Golden Bamboo Lemur SCHOOLS,Mustard eel Cape Mountain Zebra SCHOOL,93 Brown noddy WAY,Other
Anhinga Golden Bamboo Lemur SCHOOLS,Mustard eel Grizzly Bear SCH,164 Harpy eagle WAY,Other
Pauraque Groundhog SCHOOL DISTRICT,Bowfin Oso Hormiguero CTR,7 Jabiru SOUTH AVE,Primary
Pauraque Red-tailed Squirrel COUNTY SCHOOLS,Bent-tooth greenland caribou CTR,123 Yellow-headed caracara WAY,Primary
Pauraque Red-tailed Squirrel COUNTY SCHOOLS,Bent-tooth Greater Galago CTR,91 Black manakin SOUTH AVE,Primary
Pauraque Red-tailed Squirrel COUNTY SCHOOLS,Oldwife Cachicamo SCH,126 Crested caracara SOUTH AVE,Primary
Pauraque Red-tailed Squirrel COUNTY SCHOOLS,Oldwife Sika Elk MIDDLE SCHOOL,103 Blue-chinned sapphire SOUTH AVE,Middle
Pauraque Red-tailed Squirrel COUNTY SCHOOLS,Oldwife greenland caribou INTERMEDIATE SCHOOL,111 Roadside Hawk SOUTH AVE,Middle
Pauraque Red-tailed Squirrel COUNTY SCHOOLS,Oldwife Greater Galago HS,31 Guira tanager STREET,High
Pauraque Red-tailed Squirrel COUNTY SCHOOLS,Hamlet Cachicamo HIGH SCHOOL,21 Cattle egret STREET,High
Pauraque Red-tailed Squirrel COUNTY SCHOOLS,Hamlet Sika Elk SCHOOL,107 Pectoral sandpiper SOUTH AVE,Other
Pauraque Red-tailed Squirrel COUNTY SCHOOLS,Hamlet greenland caribou SCHOOL,62 Spix's guan ROAD,Other
Pauraque Red-tailed Squirrel COUNTY SCHOOLS,Hamlet Greater Galago SCH,56 Green kingfisher STREET,Other
Pauraque Red-tailed Squirrel COUNTY SCHOOLS,Handfish Cachicamo SCH,5 Black-crested antshrike NORTH AVE,Other
Pauraque Red-tailed Squirrel COUNTY SCHOOLS,Handfish Sika Elk SCH,100 Blue ground-dove NORTH AVE,Other
Pauraque Red-tailed Squirrel COUNTY SCHOOLS,Handfish greenland caribou SCHOOL,6 Mouse-colored antshrike AVE,Other
Pauraque Red-tailed Squirrel COUNTY SCHOOLS,Handfish Greater Galago SCHOOL,1 Green-tailed jacamar AVE,Other
Pauraque Antarctic Fur Seals SCHOOL DISTRICT,Loach catfish Cow CTR,1 Pinnated bittern WAY,Primary
Pauraque macaco-prego PUBLIC SHCOOLS,Limia Tricolored Disk Bat ELEM,59 Violaceous trogon STREET,Primary
Pauraque macaco-prego PUBLIC SHCOOLS,Limia Wolverine PRIMARY,47 Spotted puffbird AVE,Primary
Pauraque macaco-prego PUBLIC SHCOOLS,Atlantic herring Ground Squirrel CTR,115 Brown jacamar SOUTH AVE,Primary
Pauraque macaco-prego PUBLIC SHCOOLS,Atlantic herring Serval COMMUNITY MIDDLE,7 Striped owl ROAD,Middle
Pauraque macaco-prego PUBLIC SHCOOLS,Atlantic herring Tricolored Disk Bat MS,63 House sparrow SOUTH AVE,Middle
Pauraque macaco-prego PUBLIC SHCOOLS,Atlantic herring Wolverine HIGH,57 White-banded swallow SOUTH AVE,High
Pauraque macaco-prego PUBLIC SHCOOLS,Three-toothed puffer Ground Squirrel SENIOR HIGH,85 Crested oropendola AVE,High
Pauraque macaco-prego PUBLIC SHCOOLS,Three-toothed puffer Serval SCHOOL,106 Cinereous antshrike NORTH AVE,Other
Pauraque macaco-prego PUBLIC SHCOOLS,Three-toothed puffer Tricolored Disk Bat SCHOOL,52 Great jacamar SOUTH AVE,Other
Pauraque macaco-prego PUBLIC SHCOOLS,Three-toothed puffer Wolverine SCHOOL,28 Green-rumped parrotlet SOUTH AVE,Other
Pauraque macaco-prego PUBLIC SHCOOLS,Yellow weaver Ground Squirrel SCH,125 Mouse-colored tyrannulet SOUTH AVE,Other
Pauraque macaco-prego PUBLIC SHCOOLS,Yellow weaver Serval SCHOOL,34 Gull-billed tern SOUTH AVE,Other
Pauraque macaco-prego PUBLIC SHCOOLS,Yellow weaver Tricolored Disk Bat SCHOOL,42 Great black hawk AVE,Other
Pauraque macaco-prego PUBLIC SHCOOLS,Yellow weaver Wolverine SCHOOL,113 Pale-vented pigeon ROAD,Other
Pauraque Asian Small-clawed Otter SCHOOLS,Lizardfish Western Pocket Gopher CTR,1 Blue ground-dove ROAD,Primary
Pauraque cachorro-do-mato SCHOOL DISTRICT,Bramble shark Leopard Seal ELEMENTARY,11 Paradise tanager STREET,Primary
Pauraque cachorro-do-mato SCHOOL DISTRICT,Bramble shark Blacktail Deer SCHOOL,17 Chestnut-tipped toucanet ROAD,Other
Pauraque Prevost's Squirrel SCHOOLS,"Ziege Grizzly CETR, ELEM",1 Plain-bellied hummingbird AVE,Primary
Pauraque Prevost's Squirrel SCHOOLS,Japanese eel Damara Dik-dik SCHOOL,4 Short-crested flycatcher NORTH AVE,Other
Pauraque Prevost's Squirrel SCHOOLS,Japanese eel Grizzly SCH,15 Swainson's flycatcher AVE,Other
Pauraque Marmoset DISTRICT,Flathead Eastern Giant Eland PRIMARY,2 White-chinned sapphire SOUTH AVE,Primary
Pauraque Florida Manatee PUBLIC SHCOOLS,Salmon Bohor Reedbuck SCH,6 Striped woodcreeper NORTH AVE,Primary
Pauraque Least Pygmy Squirrel SD,Whalefish Green Vervet Monkey ELEMENTARY SCHOOL,11 Grey-breasted crake STREET,Primary
Pauraque Least Pygmy Squirrel SD,Eel-goby Cottontails SCH,23 Capuchin bird NORTH AVE,Other
Pauraque Least Pygmy Squirrel SD,Eel-goby Green Vervet Monkey SCH,10 Black-necked aracari AVE,Other
Pauraque Sonoma Tree Vole SCHOOLS,Yellow-eye mullet Siamang SCH,6 Mealy amazon AVE,Primary
Pauraque Cozumel DISTRICT,Eucla cod African Wildcat ELEMENTARY,8 White-rumped sandpiper NORTH AVE,Primary
Pauraque Pig-tailed Macaque COUNTY SCHOOLS,Seatrout Banteng ELEM,40 Barred antshrike SOUTH AVE,Primary
Pauraque Pig-tailed Macaque COUNTY SCHOOLS,Sarcastic fringehead Jackal JUNIOR HIGH,56 Green kingfisher AVE,Middle
Pauraque Pig-tailed Macaque COUNTY SCHOOLS,Sarcastic fringehead Pilot Whales HIGH SCH,69 Guira tanager WAY,High
Pauraque Pig-tailed Macaque COUNTY SCHOOLS,Sarcastic fringehead Banteng SCHOOL,11 Swallow-tanager AVE,Other
Pauraque Pig-tailed Macaque COUNTY SCHOOLS,Eucla cod Jackal SCHOOL,3 Short-tailed swift SOUTH AVE,Other
Pauraque Pig-tailed Macaque COUNTY SCHOOLS,Eucla cod Pilot Whales SCH,23 Little hermit STREET,Other
Pauraque Pig-tailed Macaque COUNTY SCHOOLS,Eucla cod Banteng SCHOOL,9 Scarlet ibis SOUTH AVE,Other
Pauraque Tapir young SCHOOL DISTRICT,Horsefish Collared Peccary ELEMENTARY,4 Yellow-crowned parrot AVE,Primary
Pauraque Golden Bamboo Lemur COUNTY SCHOOLS,"North American darter Orang-utan CETR, ELEM",7 Red-shouldered tanager STREET,Primary
Bat falcon Groundhog PUBLIC SHCOOLS,Common tunny Abyssinian Colobus EL SCH,1 Golden-olive woodpecker STREET,Primary
Bat falcon Red-tailed Squirrel COUNTY SCHOOLS,Cutlassfish Bongo PRIMARY,4 Dusky-chested flycatcher SOUTH AVE,Primary
Bat falcon Antarctic Fur Seals COUNTY SCHOOLS,Loosejaw Black Rhino CTR,4 Red-bellied macaw AVE,Primary
Bat falcon macaco-prego COUNTY SCHOOLS,Spiny dogfish Utah Prairie Dog SCH,3 Blue-grey tanager AVE,Primary
Bat falcon macaco-prego COUNTY SCHOOLS,Rock cod Black Rhino MS,29 Lesser kiskadee AVE,Middle
Bat falcon macaco-prego COUNTY SCHOOLS,Rock cod Chinkara HIGH,33 Sun parakeet complex WAY,High
Bat falcon macaco-prego COUNTY SCHOOLS,Rock cod Utah Prairie Dog SCH,36 Mangrove cuckoo ROAD,Other
Bat falcon macaco-prego COUNTY SCHOOLS,Swallower Black Rhino SCH,65 White-winged becard STREET,Other
Bat falcon macaco-prego COUNTY SCHOOLS,Swallower Chinkara SCH,63 Masked yellowthroat NORTH AVE,Other
Bat falcon macaco-prego COUNTY SCHOOLS,Swallower Utah Prairie Dog SCH,23 Ornate hawk-eagle AVE,Other
Bat falcon Asian Small-clawed Otter DISTRICT,Rainbowfish Patagonian Mara SCH,12 Peregrine falcon SOUTH AVE,Primary
Bat falcon Asian Small-clawed Otter DISTRICT,Rainbowfish North American Otter MS,16 American golden plover WAY,Middle
Bat falcon Asian Small-clawed Otter DISTRICT,Pink salmon Striped Skunk HIGH,10 Grey(-lined) hawk STREET,High
Bat falcon Asian Small-clawed Otter DISTRICT,Pink salmon Patagonian Mara SCHOOL,2 Great black hawk SOUTH AVE,Other
Bat falcon Asian Small-clawed Otter DISTRICT,Pink salmon North American Otter SCHOOL,49 Black-faced tanager ROAD,Other
Bat falcon cachorro-do-mato SCHOOL DISTRICT,Snake mackerel Capuchin Monkey PRIMARY,3 Neotropic cormorant ROAD,Primary
Bat falcon Prevost's Squirrel PUBLIC SHCOOLS,Kafue pike Oso Negro ELEMENTARY SCHOOL,13 Spectacled owl STREET,Primary
Bat falcon Prevost's Squirrel PUBLIC SHCOOLS,Kafue pike Hopi Chipmunk MIDDLE SCHOOL,48 Tropical parula ROAD,Middle
Bat falcon Prevost's Squirrel PUBLIC SHCOOLS,Dragon goby Moholi-galago HS,35 Rufous-browed peppershrike NORTH AVE,High
Bat falcon Prevost's Squirrel PUBLIC SHCOOLS,Dragon goby Oso Negro SCHOOL,28 Tropical mockingbird ROAD,Other
Bat falcon Prevost's Squirrel PUBLIC SHCOOLS,Dragon goby Hopi Chipmunk SCHOOL,42 White-crowned manakin STREET,Other
Bat falcon Marmoset SD,"Alewife Sloth Bear CETR, ELEM",30 White bellbird WAY,Primary
Bat falcon Marmoset SD,Alewife Lobo Gris JR MIDDLE,6 White-breasted woodwren WAY,Middle
Bat falcon Marmoset SD,Wrymouth Mexican Wolf HIGH SCH,12 White-tailed kite NORTH AVE,High
Bat falcon Marmoset SD,Wrymouth Sloth Bear SCH,24 House wren WAY,Other
Bat falcon Marmoset SD,Wrymouth Lobo Gris SCHOOL,29 Muscovy duck STREET,Other
Bat falcon Florida Manatee SCHOOL DISTRICT,Lenok Sharp-nosed Bat SCH,6 Yellow-throated spinetail ROAD,Primary
Bat falcon Least Pygmy Squirrel SCHOOLS,Ruffe Domestic cow SCH,19 Pectoral sandpiper SOUTH AVE,Primary
Bat falcon Least Pygmy Squirrel SCHOOLS,Ruffe African Bush Elephant SCHOOL,18 Double-toothed kite WAY,Other
Bat falcon Sonoma Tree Vole SD,Cherubfish Sable Antelope ELEMENTARY,6 Guianan red cotinga ROAD,Primary
Bat falcon Sonoma Tree Vole SD,Cherubfish macaco-prego MIDDLE,34 Black-headed antbird ROAD,Middle
Bat falcon Sonoma Tree Vole SD,Hammerjaw Duck-billed Platypus SENIOR HIGH,43 Common ground-dove STREET,High
Bat falcon Sonoma Tree Vole SD,Hammerjaw Sable Antelope SCHOOL,38 Bicoloured hawk STREET,Other
Bat falcon Sonoma Tree Vole SD,Hammerjaw macaco-prego SCHOOL,49 Campo flicker NORTH AVE,Other
Bat falcon Cozumel PUBLIC SHCOOLS,Eeltail catfish Bandicoot EL SCH,9 Cocoa thrush AVE,Primary
Bat falcon Pig-tailed Macaque SCHOOL DISTRICT,Leopard danio Pine Marten EL SCH,3 Green aracari NORTH AVE,Primary
Bat falcon Pig-tailed Macaque SCHOOL DISTRICT,Cherubfish Pastore Abruzzese SCHOOL,17 Red-legged honeycreeper SOUTH AVE,Other
Bat falcon Pig-tailed Macaque SCHOOL DISTRICT,Cherubfish Pine Marten SCH,21 White hawk AVE,Other
Bat falcon Tapir young SD,Tiger shark Wolverine CHILDHOOD CENTER,17 Yellow-crowned tyrannulet AVE,Primary
Bat falcon Tapir young SD,Tiger shark Persian Wolf MIDDLE,37 Common potoo NORTH AVE,Middle
Bat falcon Tapir young SD,Longnose sucker Male HIGH,36 Bobolink ROAD,High
Bat falcon Tapir young SD,Longnose sucker Wolverine SCH,39 White-breasted woodwren AVE,Other
Bat falcon Tapir young SD,Longnose sucker Persian Wolf SCHOOL,32 Plain-crowned spinetail NORTH AVE,Other
Bat falcon Golden Bamboo Lemur DISTRICT,Ronquil Pacific Jumping Mouse CHILDHOOD CENTER,37 Blue-headed parrot NORTH AVE,Primary
Bat falcon Golden Bamboo Lemur DISTRICT,Baikal oilfish Mauritian Flying Fox COMMUNITY MIDDLE,14 American wigeon ROAD,Middle
Bat falcon Golden Bamboo Lemur DISTRICT,Baikal oilfish Mountain Lion Track HIGH,63 House wren AVE,High
Bat falcon Golden Bamboo Lemur DISTRICT,Baikal oilfish Pacific Jumping Mouse SCHOOL,69 Little cuckoo WAY,Other
Bat falcon Golden Bamboo Lemur DISTRICT,Sailfish Mauritian Flying Fox SCHOOL,53 White-ringed flycatcher SOUTH AVE,Other
Bat falcon Golden Bamboo Lemur DISTRICT,Sailfish Mountain Lion Track SCH,25 Tiny tyrant-manakin SOUTH AVE,Other
Bat falcon Golden Bamboo Lemur DISTRICT,Sailfish Pacific Jumping Mouse SCH,16 Small-billed elaenia AVE,Other
Chestnut-fronted macaw Groundhog SCHOOLS,Worm eel Least Chipmunk MIDDLE SCHOOL,1 Laughing gull WAY,Middle
Chestnut-fronted macaw Groundhog SCHOOLS,Worm eel Marten HIGH SCHOOL,7 Slender-billed kite NORTH AVE,High
Chestnut-fronted macaw Groundhog SCHOOLS,Angler catfish Least Chipmunk SCHOOL,21 Streaked antwren WAY,Other
Chestnut-fronted macaw Groundhog SCHOOLS,Angler catfish Marten SCH,20 Blue-tailed emerald ROAD,Other
Chestnut-fronted macaw Red-tailed Squirrel SCHOOLS,Dragonet Klipspringer CHILDHOOD CENTER,43 American wigeon WAY,Primary
Chestnut-fronted macaw Red-tailed Squirrel SCHOOLS,Nurse shark Castor Americano MIDDLE,31 Orange-winged parrot STREET,Middle
Chestnut-fronted macaw Red-tailed Squirrel SCHOOLS,Nurse shark Antarctic Fur Seals HS,17 Common potoo WAY,High
Chestnut-fronted macaw Red-tailed Squirrel SCHOOLS,Nurse shark Klipspringer SCH,59 Gull-billed tern SOUTH AVE,Other
Chestnut-fronted macaw Red-tailed Squirrel SCHOOLS,Sand diver Castor Americano SCH,55 Pale-breasted thrush SOUTH AVE,Other
Chestnut-fronted macaw Red-tailed Squirrel SCHOOLS,Sand diver Antarctic Fur Seals SCH,8 Smooth-billed ani ROAD,Other
Chestnut-fronted macaw Red-tailed Squirrel SCHOOLS,Sand diver Klipspringer SCHOOL,30 Black-faced hawk WAY,Other
Chestnut-fronted macaw Antarctic Fur Seals SD,Walleye Capybara ELEM,6 Black-faced hawk AVE,Primary
Chestnut-fronted macaw macaco-prego COUNTY SCHOOLS,Atlantic saury Tapiti CTR,9 Paradise jacamar NORTH AVE,Primary
Chestnut-fronted macaw Asian Small-clawed Otter SD,Mosquitofish Eurasian Badger ELEMENTARY,5 Red fan parrot ROAD,Primary
Chestnut-fronted macaw cachorro-do-mato SCHOOLS,Flatfish California Harbor Seal EL SCH,30 Variable seedeater SOUTH AVE,Primary
Chestnut-fronted macaw cachorro-do-mato SCHOOLS,Mustard eel Watusi Cattle CHILDHOOD CENTER,64 Great kiskadee ROAD,Primary
Chestnut-fronted macaw cachorro-do-mato SCHOOLS,Mustard eel Cuis Chico CHILDHOOD CENTER,122 Grey kingbird AVE,Primary
Chestnut-fronted macaw cachorro-do-mato SCHOOLS,Mustard eel Badger MS,33 Lesser yellowlegs AVE,Middle
Chestnut-fronted macaw cachorro-do-mato SCHOOLS,Mustard eel California Harbor Seal JR MIDDLE,19 Blue ground-dove AVE,Middle
Chestnut-fronted macaw cachorro-do-mato SCHOOLS,Orbicular batfish Watusi Cattle HS,84 Ruddy ground-dove STREET,High
Chestnut-fronted macaw cachorro-do-mato SCHOOLS,Orbicular batfish Cuis Chico HS,31 Purple honeycreeper NORTH AVE,High
Chestnut-fronted macaw cachorro-do-mato SCHOOLS,Orbicular batfish Badger SCHOOL,118 Pale-bellied mourner WAY,Other
Chestnut-fronted macaw cachorro-do-mato SCHOOLS,Orbicular batfish California Harbor Seal SCH,128 Large-billed tern SOUTH AVE,Other
Chestnut-fronted macaw cachorro-do-mato SCHOOLS,Saw shark Watusi Cattle SCHOOL,10 Striated heron SOUTH AVE,Other
Chestnut-fronted macaw cachorro-do-mato SCHOOLS,Saw shark Cuis Chico SCHOOL,82 White-faced tree-duck AVE,Other
Chestnut-fronted macaw cachorro-do-mato SCHOOLS,Saw shark Badger SCH,104 Great tinamou WAY,Other
Chestnut-fronted macaw cachorro-do-mato SCHOOLS,Saw shark California Harbor Seal SCH,102 Point-tailed palmcreeper WAY,Other
Chestnut-fronted macaw Prevost's Squirrel PUBLIC SHCOOLS,Electric catfish Hump-backed Whale SCH,21 Gull-billed tern SOUTH AVE,Primary
Chestnut-fronted macaw Prevost's Squirrel PUBLIC SHCOOLS,Electric catfish Tricolored Disk Bat SCH,10 Red-eyed vireo ROAD,Primary
Chestnut-fronted macaw Prevost's Squirrel PUBLIC SHCOOLS,Trout Gray Whale MS,"53 Rock pigeon, feral WAY",Middle
Chestnut-fronted macaw Prevost's Squirrel PUBLIC SHCOOLS,Trout Hump-backed Whale HIGH SCH,70 Tiny hawk STREET,High
Chestnut-fronted macaw Prevost's Squirrel PUBLIC SHCOOLS,Trout Tricolored Disk Bat SCH,33 Blackish antbird ROAD,Other
Chestnut-fronted macaw Prevost's Squirrel PUBLIC SHCOOLS,Mustard eel Gray Whale SCH,68 Crimson-hooded manakin ROAD,Other
Chestnut-fronted macaw Prevost's Squirrel PUBLIC SHCOOLS,Mustard eel Hump-backed Whale SCH,66 Yellow oriole SOUTH AVE,Other
Chestnut-fronted macaw Prevost's Squirrel PUBLIC SHCOOLS,Mustard eel Tricolored Disk Bat SCH,40 Large-billed seed-finch NORTH AVE,Other
Chestnut-fronted macaw Marmoset COUNTY SCHOOLS,Knifejaw Ermine CHILDHOOD CENTER,14 Black manakin AVE,Primary
Chestnut-fronted macaw Marmoset COUNTY SCHOOLS,Cuckoo wrasse Dusky Shrew SCH,4 Chestnut-bellied heron STREET,Other
Chestnut-fronted macaw Marmoset COUNTY SCHOOLS,Cuckoo wrasse Ermine SCHOOL,16 Violaceous euphonia SOUTH AVE,Other
Chestnut-fronted macaw Florida Manatee PUBLIC SHCOOLS,Sea dragon Dama Wallaby JR MIDDLE,25 Chestnut-fronted macaw ROAD,Middle
Chestnut-fronted macaw Florida Manatee PUBLIC SHCOOLS,Sea dragon Plains Rat HIGH SCHOOL,22 Toco toucan WAY,High
Chestnut-fronted macaw Florida Manatee PUBLIC SHCOOLS,Ricefish Dama Wallaby SCH,27 Streaked antwren NORTH AVE,Other
Chestnut-fronted macaw Florida Manatee PUBLIC SHCOOLS,Ricefish Plains Rat SCHOOL,1 Black skimmer SOUTH AVE,Other
Chestnut-fronted macaw Least Pygmy Squirrel DISTRICT,Silverside Hooker's Sealion EL SCH,47 Short-tailed hawk AVE,Primary
Chestnut-fronted macaw Least Pygmy Squirrel DISTRICT,Silverside Red Wolf JUNIOR HIGH,48 Lesser elaenia WAY,Middle
Chestnut-fronted macaw Least Pygmy Squirrel DISTRICT,Blackchin Black-footed Ferret HIGH SCH,46 Red-bellied macaw NORTH AVE,High
Chestnut-fronted macaw Least Pygmy Squirrel DISTRICT,Blackchin Hooker's Sealion SCHOOL,22 Black-headed parrot WAY,Other
Chestnut-fronted macaw Least Pygmy Squirrel DISTRICT,Blackchin Red Wolf SCHOOL,36 Gull-billed tern ROAD,Other
Chestnut-fronted macaw Sonoma Tree Vole SD,Wobbegong Eastern Giant Eland CHILDHOOD CENTER,7 Grey-breasted sabrewing AVE,Primary
Chestnut-fronted macaw Cozumel SD,Mosshead warbonnet Pronghorn Antelope ELEMENTARY,6 Guira tanager NORTH AVE,Primary
Chestnut-fronted macaw Pig-tailed Macaque PUBLIC SHCOOLS,Surf sardine Jaguar ELEMENTARY SCHOOL,7 Violaceous euphonia ROAD,Primary
Chestnut-fronted macaw Tapir young SCHOOLS,Spotted danio Common Reedbuck PRIMARY,73 Scaled pigeon STREET,Primary
Chestnut-fronted macaw Tapir young SCHOOLS,Spotted danio Rothschild's Giraffe PRIMARY,69 Green kingfisher AVE,Primary
Chestnut-fronted macaw Tapir young SCHOOLS,Yellowtail snapper Bobcat Tracks MIDDLE,48 Semipalmated sandpiper SOUTH AVE,Middle
Chestnut-fronted macaw Tapir young SCHOOLS,Yellowtail snapper Common Reedbuck HIGH,68 Hooded tanager ROAD,High
Chestnut-fronted macaw Tapir young SCHOOLS,Yellowtail snapper Rothschild's Giraffe SCHOOL,14 Plain-bellied hummingbird SOUTH AVE,Other
Chestnut-fronted macaw Tapir young SCHOOLS,Merluccid hake Bobcat Tracks SCH,36 Black-tailed tityra WAY,Other
Chestnut-fronted macaw Tapir young SCHOOLS,Merluccid hake Common Reedbuck SCHOOL,34 American flamingo SOUTH AVE,Other
Chestnut-fronted macaw Tapir young SCHOOLS,Merluccid hake Rothschild's Giraffe SCH,9 Glossy-backed becard STREET,Other
Chestnut-fronted macaw Golden Bamboo Lemur SCHOOLS,Bocaccio Dolphin EL SCH,5 Black skimmer ROAD,Primary
Red-and-black grosbeak Groundhog SD,"Molly Desert Woodrat CETR, ELEM",9 Crested caracara AVE,Primary
Red-and-black grosbeak Red-tailed Squirrel SD,Bitterling Belted Galloway ELEM,5 House wren NORTH AVE,Primary
Red-and-black grosbeak Antarctic Fur Seals COUNTY SCHOOLS,Shell-ear Three-toed Sloth SCH,24 Painted parakeet ROAD,Primary
Red-and-black grosbeak Antarctic Fur Seals COUNTY SCHOOLS,Boga Rhinoceros SCHOOL,6 Eastern meadowlark SOUTH AVE,Other
Red-and-black grosbeak Antarctic Fur Seals COUNTY SCHOOLS,Boga Three-toed Sloth SCH,4 Large-billed tern WAY,Other
Red-and-black grosbeak macaco-prego PUBLIC SHCOOLS,"Swampfish Big Brown Bat CETR, ELEM",62 Greyish saltator WAY,Primary
Red-and-black grosbeak macaco-prego PUBLIC SHCOOLS,Ribbon sawtail fish Celebes Monkey MIDDLE SCHOOL,28 Little chachalaca AVE,Middle
Red-and-black grosbeak macaco-prego PUBLIC SHCOOLS,Ribbon sawtail fish Hopi Chipmunk HS,26 Black-eared fairy SOUTH AVE,High
Red-and-black grosbeak macaco-prego PUBLIC SHCOOLS,Ribbon sawtail fish Big Brown Bat SCHOOL,14 Grey-breasted crake SOUTH AVE,Other
Red-and-black grosbeak macaco-prego PUBLIC SHCOOLS,Perch Celebes Monkey SCH,17 Large-billed tern STREET,Other
Red-and-black grosbeak macaco-prego PUBLIC SHCOOLS,Perch Hopi Chipmunk SCHOOL,39 Yellow-bellied elaenia WAY,Other
Red-and-black grosbeak macaco-prego PUBLIC SHCOOLS,Perch Big Brown Bat SCHOOL,8 White-tailed kite AVE,Other
Red-and-black grosbeak Asian Small-clawed Otter SD,Sand tilefish Siberian Lynx EL SCH,6 Red-shouldered tanager NORTH AVE,Primary
Red-and-black grosbeak cachorro-do-mato COUNTY SCHOOLS,Bonito Solomon Sheathtail Bat EL SCH,6 Chestnut-fronted macaw NORTH AVE,Primary
Red-and-black grosbeak Prevost's Squirrel SD,Ribbon sawtail fish Northern Grasshopper Mouse MS,23 White-headed piping-guan STREET,Middle
Red-and-black grosbeak Prevost's Squirrel SD,Ribbon sawtail fish Dall's Sheep HIGH SCHOOL,38 Variable seedeater SOUTH AVE,High
Red-and-black grosbeak Prevost's Squirrel SD,Spiderfish Northern Grasshopper Mouse SCH,39 Black hawk-eagle AVE,Other
Red-and-black grosbeak Prevost's Squirrel SD,Spiderfish Dall's Sheep SCHOOL,8 Amethyst woodstar NORTH AVE,Other
Red-and-black grosbeak Marmoset PUBLIC SHCOOLS,Tuna Bushy-tailed Woodrat ELEMENTARY,1 Zone-tailed hawk WAY,Primary
Red-and-black grosbeak Florida Manatee COUNTY SCHOOLS,"Southern smelt Fallow Deer CETR, ELEM",3 Tepui greenlet STREET,Primary
Red-and-black grosbeak Florida Manatee COUNTY SCHOOLS,Southern smelt Australian Hopping Mouse SCHOOL,9 Spotted tanager SOUTH AVE,Other
Red-and-black grosbeak Least Pygmy Squirrel SCHOOL DISTRICT,Killifish Persian Wolf ELEM,13 Blue-tailed emerald ROAD,Primary
Red-and-black grosbeak Least Pygmy Squirrel SCHOOL DISTRICT,Killifish Fresno Kangaroo Rat SCH,1 Wattled jacana SOUTH AVE,Other
Red-and-black grosbeak Sonoma Tree Vole PUBLIC SHCOOLS,Jackfish Chincoteague Ponies EL SCH,25 Double-toothed kite WAY,Primary
Red-and-black grosbeak Sonoma Tree Vole PUBLIC SHCOOLS,Gray eel-catfish Bush Baby SCH,21 White-throated manakin AVE,Other
Red-and-black grosbeak Sonoma Tree Vole PUBLIC SHCOOLS,Gray eel-catfish Chincoteague Ponies SCH,11 Spix's guan SOUTH AVE,Other
Red-and-black grosbeak Cozumel SD,Poolfish Sitatunga PRIMARY,46 Black caracara ROAD,Primary
Red-and-black grosbeak Cozumel SD,Poolfish Lion-tailed Macaque ELEM,166 Black-faced tanager WAY,Primary
Red-and-black grosbeak Cozumel SD,Poolfish American Pika ELEMENTARY,77 House wren STREET,Primary
Red-and-black grosbeak Cozumel SD,Poolfish Rat Noir PRIMARY,15 Lesser seed-finch SOUTH AVE,Primary
Red-and-black grosbeak Cozumel SD,Poolfish Elk MIDDLE SCHOOL,14 Tepui greenlet STREET,Middle
Red-and-black grosbeak Cozumel SD,Rough scad Sitatunga COMMUNITY MIDDLE,69 Long-winged harrier AVE,Middle
Red-and-black grosbeak Cozumel SD,Rough scad Lion-tailed Macaque COMMUNITY MIDDLE,70 Blue-chinned sapphire WAY,Middle
Red-and-black grosbeak Cozumel SD,Rough scad American Pika HIGH,85 Green oropendola NORTH AVE,High
Red-and-black grosbeak Cozumel SD,Rough scad Rat Noir HIGH SCHOOL,162 Pearl kite ROAD,High
Red-and-black grosbeak Cozumel SD,Rough scad Elk HIGH SCHOOL,136 Green heron WAY,High
Red-and-black grosbeak Cozumel SD,Orbicular batfish Sitatunga SCHOOL,139 Tropical gnatcatcher SOUTH AVE,Other
Red-and-black grosbeak Cozumel SD,Orbicular batfish Lion-tailed Macaque SCH,165 Black-spotted barbet STREET,Other
Red-and-black grosbeak Cozumel SD,Orbicular batfish American Pika SCH,130 Chestnut-bellied seedeater ROAD,Other
Red-and-black grosbeak Cozumel SD,Orbicular batfish Rat Noir SCH,79 Purple gallinule SOUTH AVE,Other
Red-and-black grosbeak Cozumel SD,Orbicular batfish Elk SCHOOL,72 Mouse-colored tyrannulet STREET,Other
Red-and-black grosbeak Cozumel SD,Trout-perch Sitatunga SCH,188 Pinnated bittern NORTH AVE,Other
Red-and-black grosbeak Cozumel SD,Trout-perch Lion-tailed Macaque SCHOOL,144 Fulvous tree-duck STREET,Other
Red-and-black grosbeak Cozumel SD,Trout-perch American Pika SCH,64 Red-breasted blackbird STREET,Other
Red-and-black grosbeak Cozumel SD,Trout-perch Rat Noir SCHOOL,185 Yellow-billed cuckoo WAY,Other
Red-and-black grosbeak Cozumel SD,Trout-perch Elk SCHOOL,174 Blue dacnis WAY,Other
Red-and-black grosbeak Pig-tailed Macaque DISTRICT,Weatherfish Icelandic Sheep CTR,7 House sparrow SOUTH AVE,Primary
Red-and-black grosbeak Tapir young SD,Drum Fox Squirrel ELEM,4 Ringed kingfisher WAY,Primary
Red-and-black grosbeak Golden Bamboo Lemur PUBLIC SHCOOLS,Snake eel Cyprus Bull EL SCH,20 Great potoo NORTH AVE,Primary
Red-and-black grosbeak Golden Bamboo Lemur PUBLIC SHCOOLS,Jewel tetra Northern Raccoon SCH,11 Yellow-crowned parrot NORTH AVE,Other
Red-and-black grosbeak Golden Bamboo Lemur PUBLIC SHCOOLS,Jewel tetra Cyprus Bull SCH,17 Great egret AVE,Other
Grey-headed tanager Groundhog DISTRICT,Salmon shark Coatimundi EL SCH,5 Pompadour cotinga STREET,Primary
Grey-headed tanager Red-tailed Squirrel SD,Garpike Three-toed Tree Sloth MIDDLE SCHOOL,15 Brown-chested martin STREET,Middle
Grey-headed tanager Red-tailed Squirrel SD,Garpike Guereza HS,28 Hoatzin ROAD,High
Grey-headed tanager Red-tailed Squirrel SD,Yellowfin tuna Three-toed Tree Sloth SCH,35 White-eyed parakeet AVE,Other
Grey-headed tanager Red-tailed Squirrel SD,Yellowfin tuna Guereza SCH,25 Blue-cheeked parrot AVE,Other
Grey-headed tanager Antarctic Fur Seals PUBLIC SHCOOLS,Viperfish Deer EL SCH,3 Violaceous euphonia STREET,Primary
Grey-headed tanager macaco-prego DISTRICT,Starry flounder Yellow Pine Chipmunk ELEMENTARY SCHOOL,6 Giant cowbird STREET,Primary
Grey-headed tanager Asian Small-clawed Otter SD,Tench Loutre De Rivire CTR,7 Sirystes STREET,Primary
Grey-headed tanager cachorro-do-mato SCHOOLS,Garpike Malayan Tapir SCH,47 Tropical kingbird STREET,Primary
Grey-headed tanager cachorro-do-mato SCHOOLS,Garpike Western Red-backed Vole MIDDLE SCHOOL,16 Peregrine falcon STREET,Middle
Grey-headed tanager cachorro-do-mato SCHOOLS,Oilfish Quokka SENIOR HIGH,39 Fork-tailed flycatcher STREET,High
Grey-headed tanager cachorro-do-mato SCHOOLS,Oilfish Malayan Tapir SCH,21 Spotted tanager WAY,Other
Grey-headed tanager cachorro-do-mato SCHOOLS,Oilfish Western Red-backed Vole SCH,18 White-tailed trogon STREET,Other
Grey-headed tanager Prevost's Squirrel PUBLIC SHCOOLS,Perch Brazilian Tapir CTR,81 Blue-and-yellow macaw ROAD,Primary
Grey-headed tanager Prevost's Squirrel PUBLIC SHCOOLS,Perch Eastern Chipmunk ELEMENTARY,26 Spot-tailed nightjar ROAD,Primary
Grey-headed tanager Prevost's Squirrel PUBLIC SHCOOLS,Perch Desert Cottontail EL SCH,61 Boat-billed heron NORTH AVE,Primary
Grey-headed tanager Prevost's Squirrel PUBLIC SHCOOLS,Armored gurnard North American Otter MIDDLE SCHOOL,48 Wattled jacana SOUTH AVE,Middle
Grey-headed tanager Prevost's Squirrel PUBLIC SHCOOLS,Armored gurnard Brazilian Tapir MS,119 Pale-bellied mourner SOUTH AVE,Middle
Grey-headed tanager Prevost's Squirrel PUBLIC SHCOOLS,Armored gurnard Eastern Chipmunk HIGH,77 Campo flicker ROAD,High
Grey-headed tanager Prevost's Squirrel PUBLIC SHCOOLS,Armored gurnard Desert Cottontail SENIOR HIGH,100 Grey-fronted dove AVE,High
Grey-headed tanager Prevost's Squirrel PUBLIC SHCOOLS,Bluntnose knifefish North American Otter SCHOOL,42 Crested eagle NORTH AVE,Other
Grey-headed tanager Prevost's Squirrel PUBLIC SHCOOLS,Bluntnose knifefish Brazilian Tapir SCH,51 Fork-tailed flycatcher SOUTH AVE,Other
Grey-headed tanager Prevost's Squirrel PUBLIC SHCOOLS,Bluntnose knifefish Eastern Chipmunk SCH,66 Mouse-colored antshrike NORTH AVE,Other
Grey-headed tanager Prevost's Squirrel PUBLIC SHCOOLS,Bluntnose knifefish Desert Cottontail SCH,14 Screaming piha NORTH AVE,Other
Grey-headed tanager Prevost's Squirrel PUBLIC SHCOOLS,Flashlight fish North American Otter SCHOOL,140 Peregrine falcon SOUTH AVE,Other
Grey-headed tanager Prevost's Squirrel PUBLIC SHCOOLS,Flashlight fish Brazilian Tapir SCHOOL,137 Maguari stork ROAD,Other
Grey-headed tanager Prevost's Squirrel PUBLIC SHCOOLS,Flashlight fish Eastern Chipmunk SCH,135 Point-tailed palmcreeper SOUTH AVE,Other
Grey-headed tanager Prevost's Squirrel PUBLIC SHCOOLS,Flashlight fish Desert Cottontail SCH,116 Slender-billed kite NORTH AVE,Other
Grey-headed tanager Marmoset SCHOOL DISTRICT,X-ray tetra Mexican Wolf PRIMARY,4 Great egret STREET,Primary
Grey-headed tanager Florida Manatee DISTRICT,Bluefish Common Waterbuck ELEMENTARY,21 Fulvous-crested tanager ROAD,Primary
Grey-headed tanager Florida Manatee DISTRICT,Bluefish Lobo del Mar JR MIDDLE,53 Blue-black grassquit WAY,Middle
Grey-headed tanager Florida Manatee DISTRICT,Bluefish Red Kangaroo HIGH,54 White-fronted manakin ROAD,High
Grey-headed tanager Florida Manatee DISTRICT,Airsac catfish Common Waterbuck SCH,13 Finsch's euphonia AVE,Other
Grey-headed tanager Florida Manatee DISTRICT,Airsac catfish Lobo del Mar SCHOOL,57 Marail guan WAY,Other
Grey-headed tanager Florida Manatee DISTRICT,Airsac catfish Red Kangaroo SCH,25 Green-tailed jacamar SOUTH AVE,Other
Grey-headed tanager Least Pygmy Squirrel PUBLIC SHCOOLS,Sand tilefish Cuis Chico CTR,4 Anhinga ROAD,Primary
Grey-headed tanager Sonoma Tree Vole COUNTY SCHOOLS,Whiptail gulper Bobcat Tracks EL SCH,53 White-winged swallow ROAD,Primary
Grey-headed tanager Sonoma Tree Vole COUNTY SCHOOLS,Whiptail gulper Dromedary Camel INTERMEDIATE SCHOOL,58 Purple martin ROAD,Middle
Grey-headed tanager Sonoma Tree Vole COUNTY SCHOOLS,Whiptail gulper Mauritian Tomb Bat MIDDLE,7 Common snipe NORTH AVE,Middle
Grey-headed tanager Sonoma Tree Vole COUNTY SCHOOLS,Snoek Bobcat Tracks SENIOR HIGH,89 Semipalmated plover NORTH AVE,High
Grey-headed tanager Sonoma Tree Vole COUNTY SCHOOLS,Snoek Dromedary Camel HIGH SCHOOL,22 Great potoo NORTH AVE,High
Grey-headed tanager Sonoma Tree Vole COUNTY SCHOOLS,Snoek Mauritian Tomb Bat SCH,50 Grey-necked woodrail SOUTH AVE,Other
Grey-headed tanager Sonoma Tree Vole COUNTY SCHOOLS,Pricklefish Bobcat Tracks SCH,30 Ringed kingfisher STREET,Other
Grey-headed tanager Sonoma Tree Vole COUNTY SCHOOLS,Pricklefish Dromedary Camel SCHOOL,86 Northern scrub flycatcher AVE,Other
Grey-headed tanager Sonoma Tree Vole COUNTY SCHOOLS,Pricklefish Mauritian Tomb Bat SCH,3 Pygmy kingfisher STREET,Other
Grey-headed tanager Cozumel DISTRICT,Asiatic glassfish Rock Cavy EL SCH,80 Greater ani AVE,Primary
Grey-headed tanager Cozumel DISTRICT,Asiatic glassfish Echidna JUNIOR HIGH,79 Collared puffbird STREET,Middle
Grey-headed tanager Cozumel DISTRICT,Asiatic glassfish Dusky Shrew COMMUNITY MIDDLE,25 Chestnut-tipped toucanet STREET,Middle
Grey-headed tanager Cozumel DISTRICT,Waryfish Prairie Dog SENIOR HIGH,39 Straight-billed hermit WAY,High
Grey-headed tanager Cozumel DISTRICT,Waryfish Rock Cavy HS,87 Yellow-throated spinetail SOUTH AVE,High
Grey-headed tanager Cozumel DISTRICT,Waryfish Echidna SCH,84 Brown jacamar WAY,Other
Grey-headed tanager Cozumel DISTRICT,Waryfish Dusky Shrew SCH,94 Variegated flycatcher AVE,Other
Grey-headed tanager Cozumel DISTRICT,Torpedo Prairie Dog SCH,16 Swainson's flycatcher STREET,Other
Grey-headed tanager Cozumel DISTRICT,Torpedo Rock Cavy SCHOOL,70 White bellbird NORTH AVE,Other
Grey-headed tanager Cozumel DISTRICT,Torpedo Echidna SCHOOL,26 American golden plover NORTH AVE,Other
Grey-headed tanager Cozumel DISTRICT,Torpedo Dusky Shrew SCHOOL,109 Bare-eyed thrush AVE,Other
Grey-headed tanager Pig-tailed Macaque SCHOOLS,"Peacock flounder African Lion Male CETR, ELEM",53 Buff-throated saltator SOUTH AVE,Primary
Grey-headed tanager Pig-tailed Macaque SCHOOLS,Peacock flounder Fresno Kangaroo Rat JR MIDDLE,34 Grey-breasted martin ROAD,Middle
Grey-headed tanager Pig-tailed Macaque SCHOOLS,Peacock flounder Naked Mole-rat HIGH SCH,2 Boat-billed heron WAY,High
Grey-headed tanager Pig-tailed Macaque SCHOOLS,Sand eel African Lion Male SCH,29 Fork-tailed woodnymph ROAD,Other
Grey-headed tanager Pig-tailed Macaque SCHOOLS,Sand eel Fresno Kangaroo Rat SCH,52 Paradise jacamar WAY,Other
Grey-headed tanager Pig-tailed Macaque SCHOOLS,Sand eel Naked Mole-rat SCH,54 Blue dacnis WAY,Other
Grey-headed tanager Tapir young DISTRICT,"Lenok Indian Gray Mongoose CETR, ELEM",8 Magnificent frigatebird AVE,Primary
Grey-headed tanager Tapir young DISTRICT,Lenok Abyssinian Colobus COMMUNITY MIDDLE,35 Striated heron NORTH AVE,Middle
Grey-headed tanager Tapir young DISTRICT,Climbing gourami White Faced Capuchin HIGH SCHOOL,34 Bicolored conebill WAY,High
Grey-headed tanager Tapir young DISTRICT,Climbing gourami Indian Gray Mongoose SCH,9 Plain-crowned spinetail STREET,Other
Grey-headed tanager Tapir young DISTRICT,Climbing gourami Abyssinian Colobus SCH,44 Black-tailed trogon NORTH AVE,Other
Grey-headed tanager Golden Bamboo Lemur SCHOOLS,Coffinfish Kit Fox ELEMENTARY,18 Bananaquit NORTH AVE,Primary
Grey-headed tanager Golden Bamboo Lemur SCHOOLS,Barramundi Perro-llanero Cola Negra SCHOOL,24 American golden plover AVE,Other
Grey-headed tanager Golden Bamboo Lemur SCHOOLS,Barramundi Kit Fox SCH,4 Cinereous antshrike SOUTH AVE,Other
Yellow-rumped cacique Groundhog SCHOOL DISTRICT,Pike Tree Squirrel JR MIDDLE,19 Saffron finch SOUTH AVE,Middle
Yellow-rumped cacique Groundhog SCHOOL DISTRICT,Pike Jackrabbit HIGH,7 White-breasted woodwren SOUTH AVE,High
Yellow-rumped cacique Groundhog SCHOOL DISTRICT,Loach Tree Squirrel SCHOOL,39 Grey(-lined) hawk SOUTH AVE,Other
Yellow-rumped cacique Groundhog SCHOOL DISTRICT,Loach Jackrabbit SCHOOL,33 Horned screamer WAY,Other
Yellow-rumped cacique Red-tailed Squirrel SCHOOLS,Blobfish Slender Mongoose PRIMARY,1 White-flanked antwren AVE,Primary
Yellow-rumped cacique Antarctic Fur Seals SD,Pearlfish Volcano Rabbit ELEMENTARY SCHOOL,5 Masked yellowthroat ROAD,Primary
Yellow-rumped cacique macaco-prego DISTRICT,"Orbicular batfish Norway Rat CETR, ELEM",1 Red-legged honeycreeper NORTH AVE,Primary
Yellow-rumped cacique Asian Small-clawed Otter COUNTY SCHOOLS,Molly Miller Spotted Deer SCH,124 Wattled jacana SOUTH AVE,Primary
Yellow-rumped cacique Asian Small-clawed Otter COUNTY SCHOOLS,"Molly Miller Polled Hereford CETR, ELEM",148 Black vulture NORTH AVE,Primary
Yellow-rumped cacique Asian Small-clawed Otter COUNTY SCHOOLS,Molly Miller Westerm Yellow Bat JR MIDDLE,15 Spotted sandpiper ROAD,Middle
Yellow-rumped cacique Asian Small-clawed Otter COUNTY SCHOOLS,Molly Miller Sea Otter INTERMEDIATE SCHOOL,44 Collared trogon NORTH AVE,Middle
Yellow-rumped cacique Asian Small-clawed Otter COUNTY SCHOOLS,Pearl perch Spotted Deer MIDDLE,67 Gull-billed tern NORTH AVE,Middle
Yellow-rumped cacique Asian Small-clawed Otter COUNTY SCHOOLS,Pearl perch Polled Hereford SENIOR HIGH,137 Cinereous antshrike AVE,High
Yellow-rumped cacique Asian Small-clawed Otter COUNTY SCHOOLS,Pearl perch Westerm Yellow Bat SENIOR HIGH,112 Long-tailed hermit STREET,High
Yellow-rumped cacique Asian Small-clawed Otter COUNTY SCHOOLS,Pearl perch Sea Otter HIGH,17 Fork-tailed woodnymph NORTH AVE,High
Yellow-rumped cacique Asian Small-clawed Otter COUNTY SCHOOLS,Spiderfish Spotted Deer SCH,156 Red-legged honeycreeper STREET,Other
Yellow-rumped cacique Asian Small-clawed Otter COUNTY SCHOOLS,Spiderfish Polled Hereford SCHOOL,38 Southern lapwing SOUTH AVE,Other
Yellow-rumped cacique Asian Small-clawed Otter COUNTY SCHOOLS,Spiderfish Westerm Yellow Bat SCHOOL,72 White-necked thrush NORTH AVE,Other
Yellow-rumped cacique Asian Small-clawed Otter COUNTY SCHOOLS,Spiderfish Sea Otter SCH,12 Arrowhead piculet SOUTH AVE,Other
Yellow-rumped cacique Asian Small-clawed Otter COUNTY SCHOOLS,Zebra loach Spotted Deer SCH,141 Golden-sided euphonia SOUTH AVE,Other
Yellow-rumped cacique Asian Small-clawed Otter COUNTY SCHOOLS,Zebra loach Polled Hereford SCHOOL,111 Brown-bellied antwren NORTH AVE,Other
Yellow-rumped cacique Asian Small-clawed Otter COUNTY SCHOOLS,Zebra loach Westerm Yellow Bat SCHOOL,60 Guianan red cotinga AVE,Other
Yellow-rumped cacique Asian Small-clawed Otter COUNTY SCHOOLS,Zebra loach Sea Otter SCH,129 Boat-billed heron AVE,Other
Yellow-rumped cacique cachorro-do-mato DISTRICT,Sardine Roosevelt Elk SCH,5 Grey-breasted martin AVE,Primary
Yellow-rumped cacique Prevost's Squirrel SD,Ziege Fox Squirrel ELEMENTARY SCHOOL,3 Ash-throated crake WAY,Primary
Yellow-rumped cacique Marmoset COUNTY SCHOOLS,"Dottyback Red Necked Wallaby CETR, ELEM",24 Sirystes SOUTH AVE,Primary
Yellow-rumped cacique Marmoset COUNTY SCHOOLS,Tompot blenny Bonnet Macaque SCHOOL,18 Southern martin NORTH AVE,Other
Yellow-rumped cacique Marmoset COUNTY SCHOOLS,Tompot blenny Red Necked Wallaby SCHOOL,27 Semipalmated sandpiper WAY,Other
Yellow-rumped cacique Florida Manatee COUNTY SCHOOLS,Spearfish Blacktail Jackrabbit SCH,30 Savanna hawk NORTH AVE,Primary
Yellow-rumped cacique Florida Manatee COUNTY SCHOOLS,Spearfish Giant Otter MS,8 White-winged becard ROAD,Middle
Yellow-rumped cacique Florida Manatee COUNTY SCHOOLS,Scorpionfish Mating MIDDLE,25 Wilson's plover NORTH AVE,Middle
Yellow-rumped cacique Florida Manatee COUNTY SCHOOLS,Scorpionfish Ours Blanc HIGH,12 Swallow-tailed kite SOUTH AVE,High
Yellow-rumped cacique Florida Manatee COUNTY SCHOOLS,Scorpionfish Blacktail Jackrabbit HIGH,82 Bronzy jacamar AVE,High
Yellow-rumped cacique Florida Manatee COUNTY SCHOOLS,Scorpionfish Giant Otter SCHOOL,96 Horned screamer STREET,Other
Yellow-rumped cacique Florida Manatee COUNTY SCHOOLS,Stickleback Mating SCH,74 Red-rumped cacique AVE,Other
Yellow-rumped cacique Florida Manatee COUNTY SCHOOLS,Stickleback Ours Blanc SCHOOL,65 Cocoa thrush STREET,Other
Yellow-rumped cacique Florida Manatee COUNTY SCHOOLS,Stickleback Blacktail Jackrabbit SCH,44 Green-rumped parrotlet STREET,Other
Yellow-rumped cacique Florida Manatee COUNTY SCHOOLS,Stickleback Giant Otter SCH,2 Snowy egret AVE,Other
Yellow-rumped cacique Least Pygmy Squirrel DISTRICT,Yellowfin surgeonfish Blacktailed Deer Fawn EL SCH,30 Spix's guan SOUTH AVE,Primary
Yellow-rumped cacique Least Pygmy Squirrel DISTRICT,Devario African Savannah Elephant JR MIDDLE,29 Sun parakeet complex STREET,Middle
Yellow-rumped cacique Least Pygmy Squirrel DISTRICT,Devario Western Harvest Mouse HS,57 Tropical parula WAY,High
Yellow-rumped cacique Least Pygmy Squirrel DISTRICT,Devario Blacktailed Deer Fawn SCH,68 Small-billed elaenia ROAD,Other
Yellow-rumped cacique Least Pygmy Squirrel DISTRICT,Opaleye African Savannah Elephant SCH,16 White-eyed parakeet STREET,Other
Yellow-rumped cacique Least Pygmy Squirrel DISTRICT,Opaleye Western Harvest Mouse SCHOOL,22 Guianan toucanet SOUTH AVE,Other
Yellow-rumped cacique Least Pygmy Squirrel DISTRICT,Opaleye Blacktailed Deer Fawn SCHOOL,6 Osprey SOUTH AVE,Other
Yellow-rumped cacique Sonoma Tree Vole COUNTY SCHOOLS,Cod icefish San Nicolas Island Fox ELEM,3 Pale-breasted spinetail WAY,Primary
Yellow-rumped cacique Cozumel SD,Riffle dace Koala ELEMENTARY,8 Black-faced hawk SOUTH AVE,Primary
Yellow-rumped cacique Pig-tailed Macaque SCHOOLS,Arctic char Pipistrelles CTR,5 Cinereous becard WAY,Primary
Yellow-rumped cacique Tapir young SCHOOLS,Australian prowfish Llama ELEM,60 Lined seedeater STREET,Primary
Yellow-rumped cacique Tapir young SCHOOLS,"Australian prowfish Golden Leaf-nosed Bat CETR, ELEM",55 Opal-rumped tanager ROAD,Primary
Yellow-rumped cacique Tapir young SCHOOLS,Yellowtail clownfish White Rhinoceros MS,54 Collared plover ROAD,Middle
Yellow-rumped cacique Tapir young SCHOOLS,Yellowtail clownfish Llama HIGH,38 Blue dacnis ROAD,High
Yellow-rumped cacique Tapir young SCHOOLS,Yellowtail clownfish Golden Leaf-nosed Bat SCH,65 Semipalmated plover STREET,Other
Yellow-rumped cacique Tapir young SCHOOLS,Swordfish White Rhinoceros SCH,58 Bobolink STREET,Other
Yellow-rumped cacique Tapir young SCHOOLS,Swordfish Llama SCHOOL,39 Red-billed pied-tanager AVE,Other
Yellow-rumped cacique Tapir young SCHOOLS,Swordfish Golden Leaf-nosed Bat SCH,23 White-breasted woodwren NORTH AVE,Other
Yellow-rumped cacique Golden Bamboo Lemur DISTRICT,Muskellunge Black Rhino PRIMARY,8 Masked yellowthroat WAY,Primary
Bare-eyed thrush Groundhog PUBLIC SHCOOLS,Golden loach Rocky Mountain Sheep PRIMARY,8 Screaming piha AVE,Primary
Bare-eyed thrush Red-tailed Squirrel COUNTY SCHOOLS,Redmouth whalefish Giant Forest Hog EL SCH,6 Black-necked aracari WAY,Primary
Bare-eyed thrush Antarctic Fur Seals SCHOOLS,Snoek Great Northern Sea Cow SCH,53 Fork-tailed woodnymph ROAD,Primary
Bare-eyed thrush Antarctic Fur Seals SCHOOLS,Snoek Topi MIDDLE SCHOOL,57 Striated heron SOUTH AVE,Middle
Bare-eyed thrush Antarctic Fur Seals SCHOOLS,Snoek Bongo HS,3 White-lined tanager SOUTH AVE,High
Bare-eyed thrush Antarctic Fur Seals SCHOOLS,Flounder Great Northern Sea Cow SCHOOL,27 Pale-bellied mourner STREET,Other
Bare-eyed thrush Antarctic Fur Seals SCHOOLS,Flounder Topi SCH,45 Lesson's seedeater WAY,Other
Bare-eyed thrush Antarctic Fur Seals SCHOOLS,Flounder Bongo SCHOOL,10 Purple-throated fruitcrow ROAD,Other
Bare-eyed thrush macaco-prego SD,Streamer fish Barbary Macaque ELEMENTARY,129 Spangled cotinga SOUTH AVE,Primary
Bare-eyed thrush macaco-prego SD,Crappie Caracal Lynx CTR,30 Long-tailed potoo ROAD,Primary
Bare-eyed thrush macaco-prego SD,Crappie Bat ELEMENTARY SCHOOL,106 Yellow-billed cuckoo STREET,Primary
Bare-eyed thrush macaco-prego SD,Crappie Western Tarsier MIDDLE SCHOOL,1 Marail guan WAY,Middle
Bare-eyed thrush macaco-prego SD,Crappie Barbary Macaque INTERMEDIATE SCHOOL,112 Tepui greenlet WAY,Middle
Bare-eyed thrush macaco-prego SD,Javelin Caracal Lynx SENIOR HIGH,42 Pinnated bittern SOUTH AVE,High
Bare-eyed thrush macaco-prego SD,Javelin Bat HIGH SCHOOL,33 Glossy-backed becard NORTH AVE,High
Bare-eyed thrush macaco-prego SD,Javelin Western Tarsier SCH,83 Fulvous-crested tanager WAY,Other
Bare-eyed thrush macaco-prego SD,Javelin Barbary Macaque SCH,21 Spectacled owl ROAD,Other
Bare-eyed thrush macaco-prego SD,Moorish idol Caracal Lynx SCHOOL,91 Amazon kingfisher SOUTH AVE,Other
Bare-eyed thrush macaco-prego SD,Moorish idol Bat SCH,67 Tropical parula SOUTH AVE,Other
Bare-eyed thrush macaco-prego SD,Moorish idol Western Tarsier SCH,82 Lesson's seedeater SOUTH AVE,Other
Bare-eyed thrush macaco-prego SD,Moorish idol Barbary Macaque SCHOOL,61 Silvered antbird AVE,Other
Bare-eyed thrush Asian Small-clawed Otter SD,Lightfish Fisher ELEMENTARY,1 White-throated manakin ROAD,Primary
Bare-eyed thrush cachorro-do-mato SD,Guppy African Warthog ELEMENTARY SCHOOL,60 Fulvous-crested tanager WAY,Primary
Bare-eyed thrush cachorro-do-mato SD,"Guppy Brocket Deer CETR, ELEM",48 Paradise jacamar NORTH AVE,Primary
Bare-eyed thrush cachorro-do-mato SD,Atlantic herring Wild Burro PRIMARY,126 Bank swallow SOUTH AVE,Primary
Bare-eyed thrush cachorro-do-mato SD,Atlantic herring Red Panda MIDDLE SCHOOL,85 House wren AVE,Middle
Bare-eyed thrush cachorro-do-mato SD,Atlantic herring African Warthog COMMUNITY MIDDLE,129 White-eyed parakeet SOUTH AVE,Middle
Bare-eyed thrush cachorro-do-mato SD,Atlantic herring Brocket Deer HIGH,22 White-throated toucan WAY,High
Bare-eyed thrush cachorro-do-mato SD,European eel Wild Burro HIGH SCH,79 Northern scrub flycatcher SOUTH AVE,High
Bare-eyed thrush cachorro-do-mato SD,European eel Red Panda SCH,42 Black vulture AVE,Other
Bare-eyed thrush cachorro-do-mato SD,European eel African Warthog SCH,69 Black-faced tanager SOUTH AVE,Other
Bare-eyed thrush cachorro-do-mato SD,European eel Brocket Deer SCHOOL,132 Brown-throated parakeet WAY,Other
Bare-eyed thrush cachorro-do-mato SD,Hussar Wild Burro SCHOOL,88 Southern martin STREET,Other
Bare-eyed thrush cachorro-do-mato SD,Hussar Red Panda SCHOOL,66 Paradise tanager AVE,Other
Bare-eyed thrush cachorro-do-mato SD,Hussar African Warthog SCHOOL,93 Red-and-green macaw AVE,Other
Bare-eyed thrush cachorro-do-mato SD,Hussar Brocket Deer SCHOOL,50 Red-necked woodpecker AVE,Other
Bare-eyed thrush Prevost's Squirrel PUBLIC SHCOOLS,Molly Miller Pademelon PRIMARY,9 Grey(-lined) hawk ROAD,Primary
Bare-eyed thrush Marmoset SCHOOLS,Flagfish Woolly Spider-monkey SCH,23 Grey kingbird NORTH AVE,Primary
Bare-eyed thrush Marmoset SCHOOLS,"Flagfish Southern Oryx Gemsbok CETR, ELEM",105 Black skimmer ROAD,Primary
Bare-eyed thrush Marmoset SCHOOLS,Flagfish Gray Foxes INTERMEDIATE SCHOOL,64 Crimson-hooded manakin SOUTH AVE,Middle
Bare-eyed thrush Marmoset SCHOOLS,Flagfish Rothschild's Giraffe COMMUNITY MIDDLE,83 Burnished-buff tanager NORTH AVE,Middle
Bare-eyed thrush Marmoset SCHOOLS,Channel catfish Woolly Spider-monkey HIGH SCHOOL,44 Purple-throated fruitcrow NORTH AVE,High
Bare-eyed thrush Marmoset SCHOOLS,Channel catfish Southern Oryx Gemsbok SENIOR HIGH,69 White-eyed parakeet SOUTH AVE,High
Bare-eyed thrush Marmoset SCHOOLS,Channel catfish Gray Foxes SCHOOL,114 Pectoral sandpiper NORTH AVE,Other
Bare-eyed thrush Marmoset SCHOOLS,Channel catfish Rothschild's Giraffe SCHOOL,3 Blue-black grassquit SOUTH AVE,Other
Bare-eyed thrush Marmoset SCHOOLS,Redmouth whalefish Woolly Spider-monkey SCHOOL,115 Caica parrot STREET,Other
Bare-eyed thrush Marmoset SCHOOLS,Redmouth whalefish Southern Oryx Gemsbok SCH,107 Tricolored heron NORTH AVE,Other
Bare-eyed thrush Marmoset SCHOOLS,Redmouth whalefish Gray Foxes SCH,71 Dusky-throated antshrike STREET,Other
Bare-eyed thrush Marmoset SCHOOLS,Redmouth whalefish Rothschild's Giraffe SCH,118 Spangled cotinga ROAD,Other
Bare-eyed thrush Florida Manatee SCHOOL DISTRICT,Coho salmon American Bison EL SCH,23 Painted parakeet ROAD,Primary
Bare-eyed thrush Florida Manatee SCHOOL DISTRICT,Coho salmon Wild Dog INTERMEDIATE SCHOOL,27 Buff-throated saltator WAY,Middle
Bare-eyed thrush Florida Manatee SCHOOL DISTRICT,Kissing gourami Swamp Wallaby SENIOR HIGH,43 White-cheeked pintail AVE,High
Bare-eyed thrush Florida Manatee SCHOOL DISTRICT,Kissing gourami American Bison SCHOOL,2 Point-tailed palmcreeper ROAD,Other
Bare-eyed thrush Florida Manatee SCHOOL DISTRICT,Kissing gourami Wild Dog SCHOOL,11 Mealy amazon STREET,Other
Bare-eyed thrush Least Pygmy Squirrel PUBLIC SHCOOLS,European chub American Beaver CTR,45 Spotted sandpiper WAY,Primary
Bare-eyed thrush Least Pygmy Squirrel PUBLIC SHCOOLS,European chub Orca Skeleton COMMUNITY MIDDLE,95 Toco toucan WAY,Middle
Bare-eyed thrush Least Pygmy Squirrel PUBLIC SHCOOLS,Steelhead Rat Noir MIDDLE,59 Great tinamou SOUTH AVE,Middle
Bare-eyed thrush Least Pygmy Squirrel PUBLIC SHCOOLS,Steelhead Ermine HIGH SCH,47 Grey-headed tanager NORTH AVE,High
Bare-eyed thrush Least Pygmy Squirrel PUBLIC SHCOOLS,Steelhead American Beaver HIGH,60 Red fan parrot WAY,High
Bare-eyed thrush Least Pygmy Squirrel PUBLIC SHCOOLS,Steelhead Orca Skeleton SCHOOL,85 Painted parakeet NORTH AVE,Other
Bare-eyed thrush Least Pygmy Squirrel PUBLIC SHCOOLS,Kelp perch Rat Noir SCHOOL,41 Variable seedeater SOUTH AVE,Other
Bare-eyed thrush Least Pygmy Squirrel PUBLIC SHCOOLS,Kelp perch Ermine SCH,94 Eastern meadowlark STREET,Other
Bare-eyed thrush Least Pygmy Squirrel PUBLIC SHCOOLS,Kelp perch American Beaver SCHOOL,22 Black-faced dacnis STREET,Other
Bare-eyed thrush Least Pygmy Squirrel PUBLIC SHCOOLS,Kelp perch Orca Skeleton SCH,23 Grey-headed kite NORTH AVE,Other
Bare-eyed thrush Sonoma Tree Vole DISTRICT,Sprat Longnosed Bats CHILDHOOD CENTER,7 Pygmy kingfisher AVE,Primary
Bare-eyed thrush Sonoma Tree Vole DISTRICT,Mrigal Black-tailed Deer SCHOOL,18 Long-winged harrier SOUTH AVE,Other
Bare-eyed thrush Sonoma Tree Vole DISTRICT,Mrigal Longnosed Bats SCHOOL,10 Grey-winged trumpeter WAY,Other
Bare-eyed thrush Cozumel PUBLIC SHCOOLS,Goldfish Pichiciego CHILDHOOD CENTER,18 Golden-sided euphonia WAY,Primary
Bare-eyed thrush Cozumel PUBLIC SHCOOLS,Goldfish Black Tail Prairie Dog SCH,13 Scarlet ibis WAY,Other
Bare-eyed thrush Pig-tailed Macaque SCHOOLS,Giant gourami Sumatran Orangutan EL SCH,90 Caica parrot NORTH AVE,Primary
Bare-eyed thrush Pig-tailed Macaque SCHOOLS,Giant gourami Maned Wolf MIDDLE SCHOOL,85 Green-tailed jacamar AVE,Middle
Bare-eyed thrush Pig-tailed Macaque SCHOOLS,Shortnose greeneye Stellar Sea Lion MIDDLE,23 Oilbird STREET,Middle
Bare-eyed thrush Pig-tailed Macaque SCHOOLS,Shortnose greeneye Caribou HIGH SCH,73 American wigeon WAY,High
Bare-eyed thrush Pig-tailed Macaque SCHOOLS,Shortnose greeneye Sumatran Orangutan SENIOR HIGH,4 Brown-chested martin SOUTH AVE,High
Bare-eyed thrush Pig-tailed Macaque SCHOOLS,Shortnose greeneye Maned Wolf SCH,37 Fulvous-crested tanager AVE,Other
Bare-eyed thrush Pig-tailed Macaque SCHOOLS,Lined sole Stellar Sea Lion SCHOOL,79 Black-headed antbird WAY,Other
Bare-eyed thrush Pig-tailed Macaque SCHOOLS,Lined sole Caribou SCHOOL,25 Grey-winged trumpeter AVE,Other
Bare-eyed thrush Pig-tailed Macaque SCHOOLS,Lined sole Sumatran Orangutan SCH,56 Bare-eyed thrush AVE,Other
Bare-eyed thrush Pig-tailed Macaque SCHOOLS,Lined sole Maned Wolf SCHOOL,47 Sanderling NORTH AVE,Other
Bare-eyed thrush Tapir young SD,Skipjack tuna Naked Mole Rat SCH,5 Blue-crowned motmot STREET,Primary
Bare-eyed thrush Golden Bamboo Lemur COUNTY SCHOOLS,Airsac catfish Jabali SCH,8 Little cuckoo NORTH AVE,Primary
Brown pelican Groundhog SCHOOL DISTRICT,"Sailfin silverside Antelope CETR, ELEM",2 White-fronted manakin AVE,Primary
Brown pelican Red-tailed Squirrel SCHOOLS,Whiptail gulper Brahma Bull MIDDLE SCHOOL,8 Black hawk-eagle STREET,Middle
Brown pelican Red-tailed Squirrel SCHOOLS,Whiptail gulper Hippopatamus HIGH SCH,18 Tropical screech-owl AVE,High
Brown pelican Red-tailed Squirrel SCHOOLS,Zebra pleco Brahma Bull SCHOOL,34 Yellow warbler NORTH AVE,Other
Brown pelican Red-tailed Squirrel SCHOOLS,Zebra pleco Hippopatamus SCHOOL,23 House sparrow ROAD,Other
Brown pelican Antarctic Fur Seals SCHOOL DISTRICT,Worm eel Mink ELEMENTARY,4 Large-billed tern NORTH AVE,Primary
Brown pelican macaco-prego PUBLIC SHCOOLS,Hatchetfish Southern Sea Elephant CTR,3 White-banded swallow SOUTH AVE,Primary
Brown pelican macaco-prego PUBLIC SHCOOLS,Hatchetfish Buffalo MIDDLE,23 Bronzy jacamar WAY,Middle
Brown pelican macaco-prego PUBLIC SHCOOLS,Golden shiner Cusumbo HIGH,11 Large-billed tern NORTH AVE,High
Brown pelican macaco-prego PUBLIC SHCOOLS,Golden shiner Southern Sea Elephant SCH,14 Masked yellowthroat AVE,Other
Brown pelican macaco-prego PUBLIC SHCOOLS,Golden shiner Buffalo SCHOOL,28 White-tailed hawk SOUTH AVE,Other
Brown pelican Asian Small-clawed Otter PUBLIC SHCOOLS,Megamouth shark Striped Hyaena PRIMARY,56 Green-rumped parrotlet WAY,Primary
Brown pelican Asian Small-clawed Otter PUBLIC SHCOOLS,Megamouth shark Steller's Sea-lion MIDDLE SCHOOL,36 White woodpecker STREET,Middle
Brown pelican Asian Small-clawed Otter PUBLIC SHCOOLS,California halibut Thomson's Gazelle JR MIDDLE,84 Dusky parrot SOUTH AVE,Middle
Brown pelican Asian Small-clawed Otter PUBLIC SHCOOLS,California halibut Giant Otter HIGH SCH,80 White-winged becard WAY,High
Brown pelican Asian Small-clawed Otter PUBLIC SHCOOLS,California halibut Striped Hyaena HIGH SCHOOL,26 Blue-black grassquit NORTH AVE,High
Brown pelican Asian Small-clawed Otter PUBLIC SHCOOLS,California halibut Steller's Sea-lion SCH,52 Campo flicker WAY,Other
Brown pelican Asian Small-clawed Otter PUBLIC SHCOOLS,Yellowfin croaker Thomson's Gazelle SCH,95 Turkey vulture STREET,Other
Brown pelican Asian Small-clawed Otter PUBLIC SHCOOLS,Yellowfin croaker Giant Otter SCHOOL,46 Pinnated bittern NORTH AVE,Other
Brown pelican Asian Small-clawed Otter PUBLIC SHCOOLS,Yellowfin croaker Striped Hyaena SCHOOL,44 Blackish antbird WAY,Other
Brown pelican Asian Small-clawed Otter PUBLIC SHCOOLS,Yellowfin croaker Steller's Sea-lion SCH,72 Grey-winged trumpeter NORTH AVE,Other
Brown pelican cachorro-do-mato SCHOOL DISTRICT,Halibut Squirrel Monkey ELEM,10 Red fan parrot WAY,Primary
Brown pelican cachorro-do-mato SCHOOL DISTRICT,Halibut European Bison SCH,7 Lesser seed-finch AVE,Other
Brown pelican Prevost's Squirrel SD,Threadfin Tiger EL SCH,18 Tropical mockingbird WAY,Primary
Brown pelican Prevost's Squirrel SD,Threadfin Musk Ox SCHOOL,19 Variegated flycatcher WAY,Other
Brown pelican Marmoset COUNTY SCHOOLS,Yellowhead jawfish False Killer Whale EL SCH,3 White-ringed flycatcher AVE,Primary
Brown pelican Florida Manatee DISTRICT,Pineconefish American Bison CHILDHOOD CENTER,3 Blue-chinned sapphire AVE,Primary
Brown pelican Least Pygmy Squirrel SCHOOLS,Pikeblenny Southern Roan CHILDHOOD CENTER,2 White-plumed antbird SOUTH AVE,Primary
Brown pelican Sonoma Tree Vole DISTRICT,Billfish Achuni ELEMENTARY,2 Royal tern SOUTH AVE,Primary
Brown pelican Sonoma Tree Vole DISTRICT,Billfish Lowland Anoa SCHOOL,5 Yellow-green grosbeak SOUTH AVE,Other
Brown pelican Cozumel SCHOOL DISTRICT,Four-eyed fish Rocky Mountain Sheep SCH,8 Crimson-hooded manakin WAY,Primary
Brown pelican Pig-tailed Macaque COUNTY SCHOOLS,Dorado White Headed Capuchin CHILDHOOD CENTER,8 Capuchin bird ROAD,Primary
Brown pelican Tapir young SD,Yellow tang Arctic Ground Squirrel SCH,2 Plain-brown woodcreeper WAY,Primary
Brown pelican Golden Bamboo Lemur PUBLIC SHCOOLS,Roughy African Savannah Elephant ELEM,43 Pygmy kingfisher WAY,Primary
Brown pelican Golden Bamboo Lemur PUBLIC SHCOOLS,Roughy Red Squirrel ELEMENTARY,54 Hudsonian godwit NORTH AVE,Primary
Brown pelican Golden Bamboo Lemur PUBLIC SHCOOLS,Mackerel Northern Elephant Seals COMMUNITY MIDDLE,11 Black-faced tanager STREET,Middle
Brown pelican Golden Bamboo Lemur PUBLIC SHCOOLS,Mackerel African Savannah Elephant HIGH,69 White-lined tanager STREET,High
Brown pelican Golden Bamboo Lemur PUBLIC SHCOOLS,Mackerel Red Squirrel SCHOOL,58 Ornate hawk-eagle SOUTH AVE,Other
Brown pelican Golden Bamboo Lemur PUBLIC SHCOOLS,Scythe butterfish Northern Elephant Seals SCHOOL,37 Toco toucan STREET,Other
Brown pelican Golden Bamboo Lemur PUBLIC SHCOOLS,Scythe butterfish African Savannah Elephant SCHOOL,20 Sun parakeet complex AVE,Other
Brown pelican Golden Bamboo Lemur PUBLIC SHCOOLS,Scythe butterfish Red Squirrel SCHOOL,35 Long-winged antwren WAY,Other
Guira tanager Groundhog SCHOOLS,Roach Blue Whale PRIMARY,4 White-tailed trogon STREET,Primary
Guira tanager Red-tailed Squirrel PUBLIC SHCOOLS,Parasitic catfish Sheep JR MIDDLE,26 Blue dacnis SOUTH AVE,Middle
Guira tanager Red-tailed Squirrel PUBLIC SHCOOLS,Parasitic catfish African Leopard HIGH SCHOOL,1 Caica parrot AVE,High
Guira tanager Red-tailed Squirrel PUBLIC SHCOOLS,Sablefish Sheep SCH,16 Blackish antbird ROAD,Other
Guira tanager Red-tailed Squirrel PUBLIC SHCOOLS,Sablefish African Leopard SCHOOL,29 Golden-olive woodpecker AVE,Other
Guira tanager Antarctic Fur Seals DISTRICT,Golden loach California Sea Lions ELEM,4 Red-shouldered macaw STREET,Primary
Guira tanager macaco-prego SCHOOLS,Cisco Sheep feral CTR,7 Opal-rumped tanager SOUTH AVE,Primary
Guira tanager Asian Small-clawed Otter COUNTY SCHOOLS,Sheatfish Least Pygmy Squirrel ELEMENTARY SCHOOL,8 Spix's guan NORTH AVE,Primary
Guira tanager cachorro-do-mato PUBLIC SHCOOLS,"Scaly dragonfish Sambar Deer CETR, ELEM",6 Bay-headed tanager SOUTH AVE,Primary
Guira tanager Prevost's Squirrel SCHOOL DISTRICT,Redmouth whalefish Burchell's Zebra SCH,8 Bat falcon SOUTH AVE,Primary
